snapshot_id,timestamp,cmc_id,name,symbol,slug,cmc_rank,segment,price,percent_change_1h,percent_change_24h,percent_change_7d,percent_change_30d,percent_change_60d,percent_change_90d,volume_24h,volume_change_24h,market_cap,market_cap_dominance,volume_marketcap_ratio,marketcap_volume_ratio,is_top100,is_top200,is_top300,rank_gainer_300,rank_loser_300,rank_volume_300,rank_gainer_segment,rank_volume_segment
20261006_191808,2026-10-06T19:18:08.800615+00:00,38341,Rain,RAIN,rain,201,201_300,0.01100728064194217,-0.21227071,-4.27008164,-13.41808171,-34.48512439,-13.45834668,-24.39222522,24669184.58829709,-22.8533,7806499022.509877,0.0,0.3160082966405813,316.4473878156975,0,0,1,268,33,112,88,12
20261006_191808,2026-10-06T19:18:08.800615+00:00,12400,Decimal,DEL,decimal,202,201_300,0.3872972207865162,0.04299432,0.12198096,-13.24598036,-20.22079625,-39.89110297,39184.88729279,269287.5464763,3.274,4307133901.200927,0.0,0.006252128507108091,15994.552876881731,0,0,1,100,201,288,36,89
20261006_191808,2026-10-06T19:18:08.800615+00:00,39158,Bitway,BTW,bitway-btw,203,201_300,1.20586472967021,0.02594571,-4.92293705,-9.15612867,174.83446253,516.60000167,1743.69103775,18937670.63742054,-59.7031,3510753599.623148,0.0,0.5394189623405456,185.38465827396715,0,0,1,276,25,128,91,19
20261006_191808,2026-10-06T19:18:08.800615+00:00,29256,Ondo US Dollar Yield,USDY,ondo-us-dollar-yield,204,201_300,1.1486057281270194,0.00040015,0.04490692,0.06558943,0.30960788,0.61406316,1.01005319,3027322.38473832,18.7857,2304397720.9427314,0.0,0.13137152311970868,761.1999741289272,0,0,1,106,195,243,40,59
20261006_191808,2026-10-06T19:18:08.800615+00:00,35721,Falcon USD,USDf,falcon-finance,205,201_300,0.9961355421282957,-0.02833679,-0.01591318,-0.04149911,0.02794903,0.07412485,-0.033791,393217.42790546,-2.2354,1655359849.9538627,0.0,0.023754196280429272,4209.7825082967975,0,0,1,131,170,280,50,82
20261006_191808,2026-10-06T19:18:08.800615+00:00,29160,HTX,HTX,htx,206,201_300,1.7070629012284108e-06,-0.3144361,-0.88966698,0.04027505,1.45399903,-5.04362955,-8.51744093,45449466.8341421,-46.5688,1533339767.7202973,0.0,2.9640832247972266,33.73724434031066,0,0,1,177,124,85,65,6
20261006_191808,2026-10-06T19:18:08.800615+00:00,39683,USDGO,USDGO,usdgo,207,201_300,0.9999858248147491,0.01075022,-0.00598795,-0.00700091,0.00551186,-0.00812052,-0.00072893,20816210.59024236,33.3659,1305604785.5179543,0.0,1.5943730308850113,62.72057922636309,0,0,1,127,174,117,48,14
20261006_191808,2026-10-06T19:18:08.800615+00:00,37745,c8ntinuum,CTM,c8ntinuum,208,201_300,0.23257146959576083,-0.38313096,1.68553617,1.31924203,2.1588587,17.9526875,18.06395472,17539248.0409124,-0.4537,1036889120.544985,0.0,1.691525901216307,59.1182197849256,0,0,1,48,253,131,17,20
20261006_191808,2026-10-06T19:18:08.800615+00:00,28853,Jupiter Perps LP,JLP,jupiter-perps-lp,209,201_300,4.891766703570129,-0.21166557,0.09681055,0.81674558,8.36342252,35.85542876,35.565407,4823406.16429995,-22.1366,944428229.7688771,0.0,0.5107223621937208,195.80109938884812,0,0,1,101,200,214,37,43
20261006_191808,2026-10-06T19:18:08.800615+00:00,20279,Dohrnii,DHN,dohrnii,210,201_300,501.9141451003742,0.21701545,0.3267521,15030.98924832,14916.04133531,14343.74239021,13964.06799177,308038.52487002,32.4181,752871217.6505613,0.0,0.04091516817860255,2444.0813627718903,0,0,1,91,210,284,33,86
20261006_191808,2026-10-06T19:18:08.800615+00:00,23508,GHO,GHO,gho,211,201_300,0.999226598224139,0.00153363,-0.00679623,-0.02143776,0.02600244,0.085989,0.1146768,944522.19741606,66.3125,698459392.1586732,0.0,0.1352293645156521,739.4843594671003,0,0,1,129,172,274,49,78
20261006_191808,2026-10-06T19:18:08.800615+00:00,40671,Open USD,OUSD,open-usd,212,201_300,1.0025101942325079,0.03907823,0.33917314,0.17100145,0.17100145,0.17100145,0.17100145,7690.65379931,24.8812,670177643.0883929,0.0,0.0011475545146312266,87141.82962552816,0,0,1,90,211,298,32,98
20261006_191808,2026-10-06T19:18:08.800615+00:00,38127,AKEDO,AKE,akedo,213,201_300,0.029346982318598468,-0.52792126,-4.98527733,-4.76675156,94.46890784,600.75646598,15027.1413192,8512193.66806119,-10.9501,669001145.6803503,0.0,1.2723735561625373,78.59327122578588,0,0,1,277,24,178,92,32
20261006_191808,2026-10-06T19:18:08.800615+00:00,3987,Beldex,BDX,beldex,214,201_300,0.07321908991823807,-0.28848024,-0.3423337,-1.48697894,-7.0708835,-20.13244772,-19.65601847,4187527.20368536,10.5189,576313276.5066739,0.0,0.7266060620827753,137.62615703116435,0,0,1,154,147,221,58,48
20261006_191808,2026-10-06T19:18:08.800615+00:00,32307,Usual USD,USD0,usual-usd,215,201_300,0.9987632656181442,0.00017626,-0.00470033,-0.01141805,-0.00580846,-0.00347455,-0.00721589,8761.7946645,0.0,545882003.5266783,0.0,0.0016050711706732045,62302.53326278214,0,0,1,126,175,297,47,97
20261006_191808,2026-10-06T19:18:08.800615+00:00,38562,USDai,USDAI,usdai,216,201_300,1.0002761355059364,0.01104112,0.00431413,-0.03360141,0.02254847,0.03583735,0.03871484,25347.84132033,-47.8106,501489566.8468298,0.0,0.0050545102024170336,19784.310644418256,0,0,1,118,183,296,45,96
20261006_191808,2026-10-06T19:18:08.800615+00:00,38339,Unibase,UB,unibase,217,201_300,0.14195552759097874,0.00124444,1.96492509,-3.95973669,5.03688994,0.65499314,84.89971231,2678382.41872817,-16.29,354888818.97744685,0.0,0.7547102854481254,132.50117552144246,0,0,1,43,258,246,15,61
20261006_191808,2026-10-06T19:18:08.800615+00:00,39686,Backpack,BP,backpack-exchange,218,201_300,1.2416141436192183,1.30688428,-1.62488211,1.25966845,152.37091452,205.55817231,123.08092305,7050331.98075502,-25.3859,310402032.39696985,0.0,2.2713549670765123,44.026583889136084,0,0,1,204,97,189,73,35
20261006_191808,2026-10-06T19:18:08.800615+00:00,35014,Derive,DRV,derive,219,201_300,0.41266454762150495,0.16323348,3.66772373,7.65393754,149.49642717,327.50613188,280.58132201,8950202.33152309,-20.3163,304352352.99262697,0.0,2.940737025200496,34.00508074780407,0,0,1,25,276,175,9,31
20261006_191808,2026-10-06T19:18:08.800615+00:00,27048,Ape and Pepe,APEPE,ape-and-pepe,220,201_300,1.3059570642550382e-06,-0.21355268,-0.89614096,-1.5059103,13.23594131,39.07482897,44.71333663,11376644.27128499,23.3439,274250983.49355805,0.0,4.148260154389645,24.106491945588576,0,0,1,179,122,160,67,27
20261006_191808,2026-10-06T19:18:08.800615+00:00,36743,Ribbita by Virtuals,TIBBIR,ribbita-by-virtuals,221,201_300,0.2739056261945031,2.07192966,8.72796073,-33.07993381,12.05625213,175.84488726,164.47254513,1959780.43394981,-5.841,273905626.1945031,0.0,0.7154947713845609,139.76342525395265,0,0,1,12,289,259,4,69
20261006_191808,2026-10-06T19:18:08.800615+00:00,7184,48 Club Token,KOGE,bnb48-club-token,222,201_300,66.50033792049689,-0.01099853,1.31705786,-1.19981453,-2.39968246,11.17859549,4.66091118,58842.92605463,425.3199,225318335.54683465,0.0,0.02611546277928141,3829.149069467556,0,0,1,59,242,295,21,95
20261006_191808,2026-10-06T19:18:08.800615+00:00,32864,AUSD,AUSD,agora-finance,223,201_300,0.999869915397645,0.01180455,-0.00310344,0.00713131,0.00271318,0.00865306,0.01524738,474574.82983828,-88.8742,221696874.19823015,0.0,0.21406473661597014,467.14840370648693,0,0,1,125,176,278,46,81
20261006_191808,2026-10-06T19:18:08.800615+00:00,6952,Legacy Frax Dollar,FRAX,frax,224,201_300,0.9924413329222495,0.00972524,-0.23675926,-0.12331935,0.02983568,0.18195481,0.38203534,263883.52635138,231.9789,217652552.73730978,0.0,0.12124072198218944,824.8053819300932,0,0,1,147,154,289,56,90
20261006_191808,2026-10-06T19:18:08.800615+00:00,38948,Solstice USX,USX,solstice-usx,225,201_300,0.998982256993922,-0.00241354,-0.04889621,-0.33820509,-0.10080156,-0.37561668,-0.28025709,3586949.65751503,-90.5544,211787046.6218359,0.0,1.6936586607772284,59.04377447230689,0,0,1,136,165,236,51,55
20261006_191808,2026-10-06T19:18:08.800615+00:00,29960,Shuffle,SHFL,shuffle,226,201_300,0.4115559555448576,0.14328845,-6.52479097,-22.91236524,37.48284949,40.68055711,45.87937085,1439042.68906489,59.843,200860014.4639992,0.0,0.7164405981474298,139.57891311377347,0,0,1,286,15,265,94,73
20261006_191808,2026-10-06T19:18:08.800615+00:00,32796,EUR CoinVertible,EURCV,eur-coinvertible,227,201_300,1.1255476626413619,0.00645921,0.39907098,-0.7278181,-2.99144652,-2.60663703,-1.39034762,15845845.47240702,-14.0346,188844916.21679986,0.0,8.390930394025272,11.91762954811359,0,0,1,86,215,138,31,21
20261006_191808,2026-10-06T19:18:08.800615+00:00,34261,WeFi,WFI,wfi,228,201_300,2.1434935965274358,-0.77052272,-3.31324568,6.77885168,5.63829177,4.48685695,6.22039837,3867579.44189174,72.3514,185641018.08341268,0.0,2.0833647013042933,47.999277292830605,0,0,1,255,46,231,86,52
20261006_191808,2026-10-06T19:18:08.800615+00:00,38386,USAT,USAT,tether-usat,229,201_300,0.9994007130503889,0.01608109,0.05817347,0.03925931,-0.02435423,0.09274515,0.09314577,1969334.15689556,16.5046,183207725.66337565,0.0,1.0749187294175564,93.03028895420297,0,0,1,104,197,258,38,68
20261006_191808,2026-10-06T19:18:08.800615+00:00,36063,Bedrock,BR,bedrock-dao,230,201_300,0.6032290901703463,-2.65973732,39.62192357,-27.29051886,156.97750493,329.61189796,316.62896547,70628829.72697358,973.0718,181974108.46590173,0.0,38.81257082251786,2.576484831609842,0,0,1,1,300,67,1,4
20261006_191808,2026-10-06T19:18:08.800615+00:00,2499,SwissBorg,BORG,swissborg,231,201_300,0.1780834494596824,0.96904024,2.55175473,1.06365125,-3.96866626,25.56481133,10.23753411,303362.26673545,44.2094,174922903.36835295,0.0,0.173426270027447,576.6139119763901,0,0,1,32,269,285,11,87
20261006_191808,2026-10-06T19:18:08.800615+00:00,27960,Non-Playable Coin,NPC,non-playable-coin,232,201_300,0.02227494017984504,-1.19160392,8.90574493,1.76194513,9.15719198,296.57577991,271.58121446,3962621.64463556,1.4948,169805406.35084063,0.0,2.333625135850065,42.85178388926342,0,0,1,10,291,229,3,50
20261006_191808,2026-10-06T19:18:08.800615+00:00,42022,STONK (stonkfun.xyz),STONK,stonk-fun,233,201_300,0.20610832537308071,-2.92437319,9.79629852,-21.64241656,30.25517559,2482.54318443,4039281.52814138,19859575.50391725,6.2543,164708339.02421522,0.0,12.057419570600807,8.293648521929732,0,0,1,8,293,122,2,18
20261006_191808,2026-10-06T19:18:08.800615+00:00,38330,GUSD,GUSD,gusd,234,201_300,0.9983793655236683,0.01020912,0.00805458,0.01438317,-0.06572337,-0.00316737,0.02050721,201586.41786304,334.7085,149197812.38385698,0.0,0.13511352119855302,740.1183768502876,0,0,1,115,186,290,43,91
20261006_191808,2026-10-06T19:18:08.800615+00:00,41912,DGrid AI,DGAI,dgrid-ai,235,201_300,0.97929463032733,0.32514955,2.17286072,1.92229501,24.12655923,873.09742066,873.09742066,1110658171.6293266,3.4556,146894194.5481202,0.0,756.0939865907993,0.1322586897574684,0,0,1,39,262,8,14,1
20261006_191808,2026-10-06T19:18:08.800615+00:00,39711,Strategy PP Variable tokenized stock (xStock),STRCX,strategy-pp-variable-tokenized-stock-xstock,236,201_300,103.28978604529085,3.33779926,3.7959199,4.11332039,0.79760253,5.92158658,13.99029021,325098.00072266,53.9993,151108418.18454513,0.0,0.2151422168456727,464.80882025926456,0,0,1,22,279,283,7,85
20261006_191808,2026-10-06T19:18:08.800615+00:00,40213,Circle Internet Group Tokenized bStocks,CRCLB,circle-internet-group-tokenized-bstocks,237,201_300,84.18649742518905,-0.74004815,0.45107648,0.20486705,-19.44758963,25.02058738,32.47657998,31372713.85524457,-4.472,142991185.759355,0.0,21.94031309597141,4.55782009867314,0,0,1,82,219,104,29,8
20261006_191808,2026-10-06T19:18:08.800615+00:00,30605,Ailey,ALE,project-ailey,238,201_300,0.2695501795398193,-0.07122105,-0.07654929,0.16888555,0.7608186,3.40595173,4.1005174,108485.06330573,27.1898,140605984.27870503,0.0,0.07715536707932295,1296.0861153986943,0,0,1,137,164,292,52,92
20261006_191808,2026-10-06T19:18:08.800615+00:00,3661,Stronghold SHx,SHX,stronghold-token,239,201_300,0.00796567296347379,-2.20090368,-8.94692128,52.320464,90.52893868,150.30335501,113.01718105,3739843.12874881,23.5275,140185297.55313691,0.0,2.66778556241337,37.484272127755496,0,0,1,294,7,233,97,54
20261006_191808,2026-10-06T19:18:08.800615+00:00,25194,Joseon Mun,JSM,joseon-mun,240,201_300,0.0004432429146200602,0.19768659,0.77647394,0.15500506,-5.41505729,-3.50543499,54.11773425,287046.76127709,1.1122,140273085.18981045,0.0,0.2046342396252801,488.67677365780486,0,0,1,75,226,286,25,88
20261006_191808,2026-10-06T19:18:08.800615+00:00,2941,CoinEx Token,CET,coinex-token,241,201_300,0.19301942740183897,0.54637466,1.49007627,3760.47547433,2015.35499841,1650.916397,1405.06225985,0.0,0.0,136780048.2353541,0.0,0.0,,0,0,1,52,249,300,18,100
20261006_191808,2026-10-06T19:18:08.800615+00:00,15271,Rollbit Coin,RLB,rollbit-coin,242,201_300,0.07692855500361735,-0.08295598,-2.48171511,-5.32579559,-1.92831132,12.17311638,15.16608858,376522.80749285,-18.7102,120026158.49445,0.0,0.3137006234438973,318.77526701149236,0,0,1,230,71,281,81,83
20261006_191808,2026-10-06T19:18:08.800615+00:00,38283,Collector Crypt,CARDS,collector-crypt,243,201_300,0.2876454020952911,2.34402739,6.19054686,27.02044334,97.95219738,101.8837071,79.01964481,13820690.36641295,23.5679,119398199.12572858,0.0,11.575292146458173,8.639090809522088,0,0,1,16,285,150,6,24
20261006_191808,2026-10-06T19:18:08.800615+00:00,37003,MicroStrategy tokenized stock (xStock),MSTRX,microstrategy-tokenized-stock-xstock,244,201_300,163.44672475558843,-0.976301,-0.49337342,5.91074731,13.40304743,65.66554408,73.7212658,13918376.89629769,-1.702,117607917.25250004,0.0,11.83455775890957,8.449829899618823,0,0,1,161,140,149,61,23
20261006_191808,2026-10-06T19:18:08.800615+00:00,28656,ViciCoin,VCNT,vicicoin,245,201_300,18.74116999418113,-0.10763387,-0.11855032,-1.7938814,-0.81085915,13.41786438,23.74107267,361290.12080148,-20.8529,114117078.91563287,0.0,0.316596011950659,315.859948405114,0,0,1,142,159,282,55,84
20261006_191808,2026-10-06T19:18:08.800615+00:00,36039,Frax USD,FRXUSD,frax-usd,246,201_300,1.000159019901926,0.02171591,0.02471536,-0.00331257,0.04559846,0.0409379,0.08097049,4286301.61669382,229.1741,109286778.91823909,0.0,3.9220678467434182,25.49675423973919,0,0,1,111,190,220,41,47
20261006_191808,2026-10-06T19:18:08.800615+00:00,36902,lium,SN51,celium,247,201_300,28.545143345940616,-0.60392893,0.58755427,-2.38633232,25.80250185,105.24261869,163.9116615,1546228.82017921,103.9911,109030401.53100117,0.0,1.418163006342376,70.51375586076865,0,0,1,77,224,264,27,72
20261006_191808,2026-10-06T19:18:08.800615+00:00,39070,Kinetiq,KNTQ,kinetiq,248,201_300,0.32481421382098885,-1.05163596,-2.2017366,11.26267867,51.28993295,235.29105786,112.91218621,3837825.71145678,25.6612,108967435.06642151,0.0,3.521993253413205,28.393012934675227,0,0,1,223,78,232,80,53
20261006_191808,2026-10-06T19:18:08.800615+00:00,40925,Artificial Inu,AI,artificial-inu-ai,249,201_300,0.10736013643306459,-2.49670983,-15.83660347,-45.76748111,-48.54770571,2586.76875941,77866.12753473,10675195.02929692,-40.5946,107342689.21554646,0.0,9.944967009221182,10.055337529755292,0,0,1,299,2,164,100,29
20261006_191808,2026-10-06T19:18:08.800615+00:00,36576,Huma Finance,HUMA,huma-finance,250,201_300,0.030173485942251454,2.26494386,-6.76408167,1.33990883,37.77986729,49.08685503,31.55109402,20259067.66006138,14.916,106940413.01550199,0.0,18.944257917841263,5.278644348788259,0,0,1,287,14,119,95,16
20261006_191808,2026-10-06T19:18:08.800615+00:00,35818,SoSoValue,SOSO,sosovalue,251,201_300,0.311433269943815,1.3425844,2.26277844,0.3097121,0.08896352,-13.57867269,4.69845207,3911598.78548988,4.705,106510660.4194866,0.0,3.672495100569516,27.229444086798754,0,0,1,37,264,230,13,51
20261006_191808,2026-10-06T19:18:08.800615+00:00,38236,Quack AI,Q,quack-ai,252,201_300,0.021640733467794528,0.01147839,0.76784494,-10.48016161,-19.14708364,-3.7044548,19.09948243,6908333.79367352,90.5479,101094022.03754885,0.0,6.833572999111255,14.633633095454687,0,0,1,76,225,191,26,36
20261006_191808,2026-10-06T19:18:08.800615+00:00,38056,Circle Internet Group Tokenized Stock (Ondo),CRCLon,circle-internet-group-tokenized-stock-ondo,253,201_300,84.19075885833071,-0.71558718,0.46917382,0.15289573,-19.32592239,25.21151429,32.56549027,2280977.36790664,-12.0023,100656732.93629573,0.0,2.2660951745277083,44.12877319719886,0,0,1,81,220,252,28,65
20261006_191808,2026-10-06T19:18:08.800615+00:00,7127,Velo,VELO,velo,254,201_300,0.00560022240758754,-0.35671534,-5.89003034,8.86610769,14.38275555,66.48891548,71.60814642,4783889.63783368,-20.08,98361612.58331458,0.0034,4.863573819290136,20.561012069638025,0,0,1,284,17,216,93,45
20261006_191808,2026-10-06T19:18:08.800615+00:00,5665,Helium,HNT,helium,255,201_300,0.5207803188553749,2.00135946,-1.82611363,9.84859672,-7.32166812,160.44978425,135.59116222,7275321.34527211,-70.3149,97032538.04535627,0.0033,7.497816188082579,13.337216796398026,0,0,1,214,87,188,76,34
20261006_191808,2026-10-06T19:18:08.800615+00:00,4120,Prom,PROM,prom,256,201_300,5.302895792033697,-0.79877153,-14.29725663,-10.99835608,-2.38142647,159.87494925,344.15916789,30275876.43056019,891.6143,96777848.20461497,0.0033,31.2838908822902,3.196533333282081,0,0,1,298,3,105,99,9
20261006_191808,2026-10-06T19:18:08.800615+00:00,36119,Walrus,WAL,walrus-xyz,257,201_300,0.037011125970846416,-0.62303056,2.30879359,9.82382598,32.85741114,47.7884319,18.09985335,5376279.05719386,25.6866,96868911.58978361,0.0033,5.55005622439643,18.01783548794139,0,0,1,35,266,210,12,40
20261006_191808,2026-10-06T19:18:08.800615+00:00,25028,ORDI,ORDI,ordi,258,201_300,4.604141806833315,-0.92803099,1.33556169,-0.58818342,7.31352897,40.44027458,31.01061466,25026314.731047,76.1437,96686977.94349961,0.0033,25.883852472534073,3.863412531272622,0,0,1,57,244,110,20,10
20261006_191808,2026-10-06T19:18:08.800615+00:00,7548,WEMIX,WEMIX,wemix,259,201_300,0.19158036573769602,-0.07706233,-1.49954789,-1.43555699,-1.59814076,-4.21848294,-31.54564463,560505.70597917,1.9676,95733106.15103596,0.0033,0.5854878510834829,170.79773698966352,0,0,1,199,102,277,71,80
20261006_191808,2026-10-06T19:18:08.800615+00:00,40536,Strategy Tokenized bStocks,MSTRB,strategy-tokenized-bstocks,260,201_300,163.45740157209408,-1.01568965,-0.36085969,5.91715821,13.46579681,65.64223527,73.59867089,20085296.50450743,-46.5148,95368803.69938251,0.0,21.060656866179688,4.748189984548168,0,0,1,156,145,120,59,17
20261006_191808,2026-10-06T19:18:08.800615+00:00,29587,Wormhole,W,wormhole,261,201_300,0.01442143582850197,0.01094588,-1.28140562,3.49629681,39.49956978,73.81883508,50.99758152,51010503.52613638,0.1649,95042941.99232903,0.0033,53.67100644912009,1.8632033683735671,0,0,1,192,109,79,69,5
20261006_191808,2026-10-06T19:18:08.800615+00:00,5034,Kusama,KSM,kusama,262,201_300,4.924439050077936,-1.05483348,-4.53809947,4.10328701,28.25626422,60.28456058,54.0251288,4049414.37300595,15.2385,93288710.28976503,0.0032,4.340733579045119,23.037580671329327,0,0,1,272,29,224,89,49
20261006_191808,2026-10-06T19:18:08.800615+00:00,1785,Gas,GAS,gas,263,201_300,1.4119169724772644,-1.03974065,-1.68018684,-0.37351162,14.5265269,50.94812708,37.67154427,969562.57295995,-9.6207,91763775.21976025,0.0032,1.0565853144533293,94.64451060607387,0,0,1,208,93,272,75,76
20261006_191808,2026-10-06T19:18:08.800615+00:00,21585,Safe,SAFE,safe1,264,201_300,0.11752330896167092,-0.55258533,0.28301698,9.03431282,20.36290682,30.4620341,11.15115086,2475299.4973078,-77.382,92040161.18421975,0.0032,2.689368929236718,37.183444380902195,0,0,1,93,208,251,34,64
20261006_191808,2026-10-06T19:18:08.800615+00:00,5864,Yearn,YFI,yearn-finance,265,201_300,2544.773451144277,-0.2375358,-0.60410626,4.87408185,9.92328571,23.25780858,18.07036246,6464436.38916301,3.7522,91805112.18787076,0.0032,7.041477576906755,14.20156478633976,0,0,1,166,135,199,62,38
20261006_191808,2026-10-06T19:18:08.800615+00:00,11857,GMX,GMX,gmx,266,201_300,8.761888879939423,-0.13592794,-1.9542658,11.48390313,9.93785436,34.57758371,56.72887143,6369415.61325441,6.8685,91743136.16396551,0.0032,6.942661739697714,14.403697565763018,0,0,1,218,83,200,79,39
20261006_191808,2026-10-06T19:18:08.800615+00:00,39682,Pharos,PROS,pharos,267,201_300,0.6694839911019781,-0.0655452,-9.51103407,-1.80770703,58.63515913,68.69613846,71.63767474,5056923.26598321,-39.0188,90782029.19342823,0.0,5.570401224683446,17.952028223188318,0,0,1,295,6,211,98,41
20261006_191808,2026-10-06T19:18:08.800615+00:00,3640,Livepeer,LPT,livepeer,268,201_300,1.8222798211852018,-0.43506088,3.74387601,6.5366571,27.29092068,45.71643732,19.16431863,34640056.16522761,140.965,90547179.21331103,0.0031,38.25636145287593,2.6139443533640727,0,0,1,23,278,100,8,7
20261006_191808,2026-10-06T19:18:08.800615+00:00,34332,Purr,PURR,purr,269,201_300,0.14875501817038683,-1.05088471,-6.9959993,6.09957007,21.64227713,128.62069407,66.90243949,2554148.50061254,6.8795,88560221.8913681,0.0,2.88408096328572,34.673090413548564,0,0,1,288,13,248,96,62
20261006_191808,2026-10-06T19:18:08.800615+00:00,19269,CoW Protocol,COW,cow-protocol,270,201_300,0.15349265624555525,-0.61074034,-2.60932127,-4.53130407,16.42810107,44.45968299,12.94525716,3459748.37259131,8.1786,88284995.4673304,0.003,3.9188407432966117,25.51775041408748,0,0,1,235,66,238,82,56
20261006_191808,2026-10-06T19:18:08.800615+00:00,37005,Circle tokenized stock (xStock),CRCLX,circle-tokenized-stock-xstock,271,201_300,84.15845983580783,-0.77548707,0.438091,0.1310106,-19.47496809,24.9529838,32.41466988,24798402.27844471,-6.8106,87606022.25072439,0.0,28.30673239274902,3.5327284906122105,0,0,1,83,218,111,30,11
20261006_191808,2026-10-06T19:18:08.800615+00:00,38151,YZY MONEY,YZY,yzy,272,201_300,0.2890885390421606,-0.02133792,-1.64700317,-1.66705243,-1.67069254,-0.84966544,-1.85418614,1269.73002655,-47.3088,87586760.22508438,0.003,0.0014496826041824026,68980.61666153355,0,0,1,206,95,299,74,99
20261006_191808,2026-10-06T19:18:08.800615+00:00,39377,Seeker,SKR,solana-mobile-seeker,273,201_300,0.017351806811486674,0.20196316,-3.56173877,-5.80697037,-14.43880495,136.69312052,84.53217328,3245315.3709401,-37.945,87530499.66938676,0.003,3.7076394893186344,26.971338580272093,0,0,1,258,43,242,87,58
20261006_191808,2026-10-06T19:18:08.800615+00:00,2586,Synthetix,SNX,synthetix,274,201_300,0.2537977357536665,-0.5730117,0.90203965,-0.83353871,12.12096546,20.73208449,17.82945084,11497192.2860886,25.238,87437440.23563905,0.003,13.149049486243314,7.605112453536748,0,0,1,69,232,159,24,26
20261006_191808,2026-10-06T19:18:08.800615+00:00,1757,FUNToken,FUN,funtoken,275,201_300,0.008072002531519004,-0.05532168,0.94011863,11.40710104,31.68769959,101.75585264,144.40677291,945423.13899,-60.5022,87227687.14269373,0.003,1.0838567087573978,92.26311853957739,0,0,1,68,233,273,23,77
20261006_191808,2026-10-06T19:18:08.800615+00:00,29169,Qubic,QUBIC,qubic,276,201_300,6.073298720879105e-07,-0.23178781,-0.40941886,26.05638142,46.45395127,35.65516857,33.317313,1933963.86038609,-17.3065,87047744.900898,0.0,2.221727699652491,45.01001631101839,0,0,1,157,144,261,60,70
20261006_191808,2026-10-06T19:18:08.800615+00:00,21707,RedStone,RED,redstone,277,201_300,0.16240132820590086,-0.39471911,-4.54199047,0.08132002,27.47139262,84.76543557,62.77937519,3309878.16184013,-20.4598,86898004.60048257,0.003,3.808923089842444,26.254139986884454,0,0,1,273,28,240,90,57
20261006_191808,2026-10-06T19:18:08.800615+00:00,36769,Bulla,BULLA,bulla-mascot,278,201_300,0.0859056038161882,-1.74257274,-1.91129525,6.00714885,17.13885638,473.5615045,1415.33785425,2106839.92383045,44.4753,85905603.8161882,0.0,2.45250580897894,40.77462309523879,0,0,1,215,86,256,77,67
20261006_191808,2026-10-06T19:18:08.800615+00:00,6748,Centrifuge,CFG,centrifuge,279,201_300,0.14799963118307724,-0.79475933,-3.07254935,-4.50891942,41.02608998,-7.88514817,-21.02853802,10558500.64612473,-26.3911,85417950.28540486,0.0029,12.360985730570537,8.089969698183964,0,0,1,250,51,165,85,30
20261006_191808,2026-10-06T19:18:08.800615+00:00,9260,ZIG Finance,ZIG,zigcoin,280,201_300,0.060588280902926096,-1.76109458,6.71739274,15.93929281,18.38889956,51.87868957,33.97018889,4567624.38304415,121.9694,85365300.6775721,0.0,5.350680366365997,18.689212053964766,0,0,1,15,286,217,5,46
20261006_191808,2026-10-06T19:18:08.800615+00:00,4195,FTX Token,FTT,ftx-token,281,201_300,0.25884244601478085,-0.27365626,0.25168666,3.33671742,17.47169273,32.35297206,20.14653281,1098544.66416747,-15.8257,85132013.15329577,0.0029,1.290401370151249,77.49526799423572,0,0,1,97,204,268,35,75
20261006_191808,2026-10-06T19:18:08.800615+00:00,40217,SpaceX Tokenized bStocks,SPCXB,spacex-tokenized-bstocks,282,201_300,171.85703943570869,-0.76865713,1.48131828,15.58948027,13.81603672,31.88929483,17.87918772,76158857.83958599,12.8724,84350244.10412455,0.0,90.28884106793235,1.1075565797190938,0,0,1,53,248,64,19,3
20261006_191808,2026-10-06T19:18:08.800615+00:00,40558,AIVIVE,AVV,aivive,283,201_300,0.00838736097874626,-0.18468441,-0.62958473,-2.38130951,-8.01184826,-9.1845845,-22.97085557,95690.39044956,5.3859,83873609.78092764,0.0,0.11408879467510342,876.5102680309244,0,0,1,168,133,293,63,93
20261006_191808,2026-10-06T19:18:08.800615+00:00,34958,Tagger,TAG,tagger,284,201_300,0.0007624996265565526,-1.48373567,-0.89161779,-6.20354306,7.34453285,-37.69111264,46.75544203,2532515.70139681,-6.33,82658446.1199477,0.0028,3.063831731994833,32.63886817142236,0,0,1,178,123,249,66,63
20261006_191808,2026-10-06T19:18:08.800615+00:00,3701,Rootstock Infrastructure Framework,RIF,rsk-infrastructure-framework,285,201_300,0.08248317998174083,-0.13336145,-0.09425618,1.53905618,11.18882103,22.57565272,-38.43040189,7345446.59861097,1.075,82483179.98174083,0.0028,8.90538725621032,11.229157938108006,0,0,1,138,163,187,53,33
20261006_191808,2026-10-06T19:18:08.800615+00:00,24647,Berachain,BERA,berachain,286,201_300,0.23575398022637714,-0.35830246,-0.24184597,1.41863874,23.5462357,51.99925284,20.07081841,15666358.15820123,2.4541,82355995.38482893,0.0028,19.022729413925806,5.256869181285513,0,0,1,149,152,140,57,22
20261006_191808,2026-10-06T19:18:08.800615+00:00,21259,ZetaChain,ZETA,zetachain,287,201_300,0.04957539719900129,0.0522527,-2.90879584,-3.99126575,37.72637619,69.02728583,47.39684881,4876861.40661844,-24.3441,82082914.68108392,0.0028,5.941384300943101,16.831094393965827,0,0,1,246,55,212,84,42
20261006_191808,2026-10-06T19:18:08.800615+00:00,4691,Zano,ZANO,zano,288,201_300,5.302438062268833,0.01094562,-1.11534692,-7.00502731,-21.49209404,-38.63363921,-39.48152013,1100150.88081108,138.2099,81896627.1524371,0.0,1.3433408909054705,74.44126853951094,0,0,1,188,113,267,68,74
20261006_191808,2026-10-06T19:18:08.800615+00:00,38273,U.S. Dollar Tokenized Currency (Ondo),USDon,us-dollar-tokenized-currency-ondo,289,201_300,0.9998796656195023,0.00435954,0.00510671,0.01698539,-0.00526903,0.03282367,0.05952932,11533944.63325088,-4.9695,81613147.77115987,0.0,14.132458982701678,7.075909445228276,0,0,1,117,184,158,44,25
20261006_191808,2026-10-06T19:18:08.800615+00:00,36195,Alaya Governance Token,AGT,alaya-ai,290,201_300,0.024943244801184036,-0.16008385,1.02816793,41.98989676,57.16912606,68.69069561,133.30666338,4800043.42436919,-0.2011,81312790.73332663,0.0,5.903183719411881,16.940011484169553,0,0,1,66,235,215,22,44
20261006_191808,2026-10-06T19:18:08.800615+00:00,40643,"SpaceX 
Pre-IPO stock (Republic)",preSPCX,spacex-pre-ipo-stock-republic,291,201_300,171.2432660950625,-1.01416547,1.95412216,15.79321716,16.12032815,33.6612857,17.76351825,74641.52262475,-29.6831,81297740.57863092,0.0,0.09181254250547953,1089.175806170838,0,0,1,44,257,294,16,94
20261006_191808,2026-10-06T19:18:08.800615+00:00,35763,KAITO,KAITO,kaito,292,201_300,0.3346591793419786,-0.49878504,-2.61611265,-1.27197732,6.56284018,-60.2456013,-48.77330507,11327586.85608568,-14.378,80783007.49501197,0.0028,14.02223958644411,7.1315284112442505,0,0,1,237,64,161,83,28
20261006_191808,2026-10-06T19:18:08.800615+00:00,2682,Holo,HOT,holo,293,201_300,0.0004526798383608997,-0.46229639,-1.31674465,2.97111336,18.73355267,35.47647881,39.85857808,2256637.84372027,-5.0105,80355678.56340796,0.0028,2.808311601699159,35.608584154085804,0,0,1,194,107,253,70,66
20261006_191808,2026-10-06T19:18:08.800615+00:00,38942,USDsui,USDsui,usdsui,294,201_300,1.0000497870615388,0.03232103,0.04616854,0.00145675,-0.03562083,0.11279757,0.15345065,2880464.25182799,-27.7878,79854718.73386562,0.0,3.6071309216275695,27.722864008184963,0,0,1,105,196,245,39,60
20261006_191808,2026-10-06T19:18:08.800615+00:00,34812,Bio Protocol,BIO,bio,295,201_300,0.03182483819961607,-1.10370515,-1.94062971,2.14140486,15.366013,27.45234749,15.86346787,20606748.54623222,59.5772,79519399.87691487,0.0027,25.914114767124303,3.858900869222979,0,0,1,216,85,118,78,15
20261006_191808,2026-10-06T19:18:08.800615+00:00,41861,牛来 (Niu Lai),牛来,niu-lai,296,201_300,0.07951918195849539,-1.06625619,2.93901531,-24.4278267,-14.04476442,8436.08430346,8436.08430346,22286198.67644653,14.0538,79519181.9584954,0.0,28.026192080394758,3.568090867041238,0,0,1,30,271,115,10,13
20261006_191808,2026-10-06T19:18:08.800615+00:00,40092,o1.exchange,O,o1-exchange,297,201_300,0.4958322000326407,-0.55260404,-1.50061147,-11.75357962,-7.14379776,3.7099889,-11.04507174,240499821.69186783,10524.2066,79333152.00522251,0.0027,303.1517286443323,0.32986782047125757,0,0,1,200,101,26,72,2
20261006_191808,2026-10-06T19:18:08.800615+00:00,38947,Solstice eUSX,EUSX,solstice-eusx,298,201_300,1.0407143560444507,0.004577,0.01684489,-1.40365468,-0.90241597,-0.67557,-0.38169505,6485301.02259796,-27.5883,78845080.55896549,0.0,8.225371800778147,12.157505146519902,0,0,1,113,188,198,42,37
20261006_191808,2026-10-06T19:18:08.800615+00:00,20964,Law Blocks (AI),LBT,law-blocks,299,201_300,0.31977873523501815,0.05243884,-0.0980762,-0.01784631,-0.60222109,8.06159707,8.05276805,687943.41648106,-2.5929,78345146.73776415,0.0,0.8780932133342415,113.8831259386303,0,0,1,139,162,276,54,79
20261006_191808,2026-10-06T19:18:08.800615+00:00,3822,Theta Fuel,TFUEL,theta-fuel,300,201_300,0.010449669615219025,0.2060415,-0.8762974,-0.85766639,9.7961921,41.50828713,37.12652537,1760648.55504418,152.278,78262073.22347964,0.0027,2.2496829978124864,44.4507070983941,0,0,1,176,125,262,64,71
20261006_192850,2026-10-06T19:28:50.682002+00:00,38341,Rain,RAIN,rain,201,201_300,0.011052850513175507,0.17500154,-4.06729976,-13.07061656,-34.15266091,-13.03027883,-24.13966693,24580832.21645718,-23.2071,7838817736.532979,0.0,0.31357831043701506,318.8996071209009,0,0,1,258,43,112,87,12
20261006_192850,2026-10-06T19:28:50.682002+00:00,12400,Decimal,DEL,decimal,202,201_300,0.38730458294183306,0.04532796,0.11409344,-13.18724914,-20.1495016,-39.893215,39185.63406149,269366.28419849,3.4941,4307215775.758886,0.0,0.006253837704497877,15990.1815053624,0,0,1,88,213,289,34,90
20261006_192850,2026-10-06T19:28:50.682002+00:00,39158,Bitway,BTW,bitway-btw,203,201_300,1.2100067026995414,0.67147343,-5.84343419,-9.50565783,176.4546646,512.54373806,1744.2662838,19062478.50703796,-59.5286,3522812536.554029,0.0,0.5411153250205201,184.80348897198175,0,0,1,283,18,128,92,19
20261006_192850,2026-10-06T19:28:50.682002+00:00,29256,Ondo US Dollar Yield,USDY,ondo-us-dollar-yield,204,201_300,1.1485664054281943,-0.00367731,0.05038183,0.06226618,0.30566768,0.62146236,0.98986457,2835453.87991105,11.1026,2304318829.522173,0.0,0.12304954694568088,812.6807654492552,0,0,1,99,202,245,38,60
20261006_192850,2026-10-06T19:28:50.682002+00:00,35721,Falcon USD,USDf,falcon-finance,205,201_300,0.9959820894880771,-0.03066267,-0.07207331,-0.01713318,0.07846822,0.04673174,-0.07701863,392667.55056995,-2.8015,1655104845.1590889,0.0,0.023724633017566134,4215.02831786516,0,0,1,128,173,281,53,83
20261006_192850,2026-10-06T19:28:50.682002+00:00,29160,HTX,HTX,htx,206,201_300,1.7079100251451912e-06,-0.07858053,-0.85641801,0.1450432,1.49845818,-5.04181448,-8.29897444,45344651.90660645,-46.5509,1534100682.147558,0.0,2.9557807016374795,33.832009236883096,0,0,1,162,139,85,62,6
20261006_192850,2026-10-06T19:28:50.682002+00:00,39683,USDGO,USDGO,usdgo,207,201_300,0.9999651950041318,-0.00971652,-0.00520933,-0.00229942,0.01108479,-0.01205257,-0.0135388,20829653.19928391,33.7175,1305577850.7566826,0.0,1.5954355527103594,62.678808824410304,0,0,1,115,186,117,47,14
20261006_192850,2026-10-06T19:28:50.682002+00:00,37745,c8ntinuum,CTM,c8ntinuum,208,201_300,0.2313633161870089,-0.72624178,0.3652269,0.83862728,1.76890262,17.40146756,17.48723074,17490129.17295962,-0.8406,1031502728.4494215,0.0,1.6955969858898172,58.97627846249201,0,0,1,78,223,131,29,20
20261006_192850,2026-10-06T19:28:50.682002+00:00,28853,Jupiter Perps LP,JLP,jupiter-perps-lp,209,201_300,4.886230537276135,-0.29373028,-0.00289624,0.64282065,8.29488282,35.57356142,35.23610578,4861988.3981671,-21.4836,943359390.6255617,0.0,0.5153908941260458,194.02748698067538,0,0,1,112,189,212,45,42
20261006_192850,2026-10-06T19:28:50.682002+00:00,20279,Dohrnii,DHN,dohrnii,210,201_300,501.5188491261628,0.13733622,0.25435667,15022.63758761,14904.21504839,14314.72352682,13953.87900581,311127.59609287,33.58,752278273.6892442,0.0,0.04135804621434442,2417.9091894654466,0,0,1,81,220,285,31,87
20261006_192850,2026-10-06T19:28:50.682002+00:00,23508,GHO,GHO,gho,211,201_300,0.9992649350051344,0.00537311,-0.00253603,-0.01760194,0.03172054,0.08168674,0.11532665,944814.48407504,66.2233,698486189.568589,0.0,0.13526602217555547,739.2839561010721,0,0,1,111,190,275,44,79
20261006_192850,2026-10-06T19:28:50.682002+00:00,40671,Open USD,OUSD,open-usd,212,201_300,1.0026475380331892,0.05279008,0.38391104,0.18472487,0.18472487,0.18472487,0.18472487,7845.96825038,26.7092,670269457.3613677,0.0,0.0011705692634820359,85428.52022488172,0,0,1,75,226,297,28,97
20261006_192850,2026-10-06T19:28:50.682002+00:00,38127,AKEDO,AKE,akedo,213,201_300,0.029342314135585676,-0.36034436,-5.10005672,-4.13467298,100.52179882,601.61193365,14895.26466944,8509752.87080722,-11.2727,668894728.6133449,0.0,1.2722110829679283,78.60330831791768,0,0,1,275,26,178,90,32
20261006_192850,2026-10-06T19:28:50.682002+00:00,3987,Beldex,BDX,beldex,214,201_300,0.07292076161496283,-0.38271644,-0.77191245,-1.95712759,-7.5644367,-20.40883956,-20.08530887,4211192.85010889,10.6252,573965110.7192104,0.0,0.7337018873554927,136.29513801638632,0,0,1,156,145,221,61,48
20261006_192850,2026-10-06T19:28:50.682002+00:00,32307,Usual USD,USD0,usual-usd,215,201_300,0.9987623405815407,-9.262e-05,-0.00539293,-0.01151066,-0.00589745,-0.00356717,-0.00730851,0.0,-100.0,545881497.9405681,0.0,0.0,,0,0,1,116,185,299,48,99
20261006_192850,2026-10-06T19:28:50.682002+00:00,38562,USDai,USDAI,usdai,216,201_300,1.0002761355059364,0.01102068,0.00424828,-0.03360141,0.02785041,0.03583735,0.03412488,25347.84132033,-46.7138,501489566.8468298,0.0,0.0050545102024170336,19784.310644418256,0,0,1,107,194,296,43,96
20261006_192850,2026-10-06T19:28:50.682002+00:00,38339,Unibase,UB,unibase,217,201_300,0.14188912815769136,-0.15176835,2.15333284,-3.93483578,4.71503979,0.93376206,86.16833988,2672746.65957343,-16.7602,354722820.3942284,0.0,0.7534746866872053,132.71845991226198,0,0,1,35,266,246,11,61
20261006_192850,2026-10-06T19:28:50.682002+00:00,39686,Backpack,BP,backpack-exchange,218,201_300,1.2384780660631622,0.7900656,-1.79222067,0.7292662,152.76664073,207.56142661,122.50370058,7046546.26387101,-25.5414,309618016.8055263,0.0,2.275883792737102,43.93897452898267,0,0,1,199,102,189,75,35
20261006_192850,2026-10-06T19:28:50.682002+00:00,35014,Derive,DRV,derive,219,201_300,0.4123474710486142,-0.24617948,3.60780726,7.27826899,149.66507845,329.56614,280.14744024,8938059.04907636,-20.6085,304118499.6083361,0.0,2.939005374742866,34.02511640821651,0,0,1,21,280,175,7,31
20261006_192850,2026-10-06T19:28:50.682002+00:00,36743,Ribbita by Virtuals,TIBBIR,ribbita-by-virtuals,220,201_300,0.2758358966337817,-1.13502842,8.81500063,-31.82286007,13.09851287,177.14452136,162.65597518,1965650.93916528,-6.3044,275835896.6337817,0.0,0.712616074685526,140.32801609776976,0,0,1,8,293,259,3,69
20261006_192850,2026-10-06T19:28:50.682002+00:00,27048,Ape and Pepe,APEPE,ape-and-pepe,221,201_300,1.3046794073198825e-06,-0.3152909,-1.07659975,-1.52962026,13.10599913,38.84366178,44.42223697,11324001.70301044,22.2224,273982675.5371753,0.0,4.133108664921386,24.194863505216368,0,0,1,175,126,161,66,28
20261006_192850,2026-10-06T19:28:50.682002+00:00,7184,48 Club Token,KOGE,bnb48-club-token,222,201_300,66.4941286041856,-0.02036142,1.30759761,-1.20312691,-2.40878385,11.16820469,4.70826166,59631.30535575,432.3395,225297296.96477786,0.0,0.026467829911458077,3778.1714758832354,0,0,1,49,252,295,16,95
20261006_192850,2026-10-06T19:28:50.682002+00:00,32864,AUSD,AUSD,agora-finance,223,201_300,0.9997024959721208,0.0141383,-0.02359929,-0.01216207,-0.01717606,-0.00770406,0.00479464,476502.69939565,338.5506,221659753.00601584,0.0,0.21497032859308374,465.1804770196426,0,0,1,122,179,279,49,82
20261006_192850,2026-10-06T19:28:50.682002+00:00,6952,Legacy Frax Dollar,FRAX,frax,224,201_300,0.9922829554096152,-0.00732895,-0.16392642,-0.15699311,-0.01927829,0.16998618,0.15789236,271519.31321012,237.9647,217617818.92607328,0.0,0.12476887901461671,801.4819143184334,0,0,1,130,171,288,54,89
20261006_192850,2026-10-06T19:28:50.682002+00:00,38948,Solstice USX,USX,solstice-usx,225,201_300,0.9985961979034028,-0.03180269,-0.03826075,-0.38088963,-0.14226015,-0.41582519,-0.32632648,3620648.02963009,-90.4528,211705201.0094337,0.0,1.710231025202235,58.47163250250064,0,0,1,124,177,235,51,55
20261006_192850,2026-10-06T19:28:50.682002+00:00,29960,Shuffle,SHFL,shuffle,226,201_300,0.4115559555448576,0.59736401,-6.00560199,-21.86195011,37.48284949,40.6880459,45.01063286,1438369.29981855,59.7759,200860014.4639992,0.0,0.7161053451364525,139.64425859849598,0,0,1,284,17,265,93,73
20261006_192850,2026-10-06T19:28:50.682002+00:00,32796,EUR CoinVertible,EURCV,eur-coinvertible,227,201_300,1.125393874260893,-0.00500824,0.39861448,-0.72986268,-3.00572247,-2.62965281,-1.39775164,16627848.60937919,-15.1946,188819113.5299935,0.0,8.806231688370834,11.355594939894223,0,0,1,73,228,134,27,21
20261006_192850,2026-10-06T19:28:50.682002+00:00,34261,WeFi,WFI,wfi,228,201_300,2.1359276592864367,-1.45733332,-3.65383118,6.409533,5.27101766,4.06335144,5.76048371,3834463.1154594,70.7213,184985756.83399737,0.0,2.072842353425282,48.24293552027936,0,0,1,250,51,232,85,53
20261006_192850,2026-10-06T19:28:50.682002+00:00,38386,USAT,USAT,tether-usat,229,201_300,0.999310613056133,-0.00553097,0.04480748,0.03014829,-0.02671551,0.0791759,0.08165374,1976365.12906303,16.9619,183191208.7499751,0.0,1.0788536974830671,92.69097397848937,0,0,1,100,201,258,39,68
20261006_192850,2026-10-06T19:28:50.682002+00:00,36063,Bedrock,BR,bedrock-dao,230,201_300,0.6032694049721182,-4.46292645,39.3544714,-27.13939099,156.80353707,330.18152512,315.5030434,70859301.59980866,973.4123,181986270.0977427,0.0,38.936619538249204,2.568276372882486,0,0,1,1,300,66,1,4
20261006_192850,2026-10-06T19:28:50.682002+00:00,2499,SwissBorg,BORG,swissborg,231,201_300,0.17597487304179155,-0.14346892,1.09001363,-0.25624513,-5.13738282,23.6859386,8.90444913,312921.29720982,49.7151,172851749.02969548,0.0,0.18103449861884877,552.3809039874807,0,0,1,53,248,284,18,86
20261006_192850,2026-10-06T19:28:50.682002+00:00,27960,Non-Playable Coin,NPC,non-playable-coin,232,201_300,0.022399810543489346,-1.37284752,9.65803625,2.30538855,10.45921302,298.58695091,273.79668184,3970822.87750208,2.1035,170757312.96287203,0.0,2.325418928538341,43.00300422120316,0,0,1,6,295,229,2,50
20261006_192850,2026-10-06T19:28:50.682002+00:00,42022,STONK (stonkfun.xyz),STONK,stonk-fun,233,201_300,0.20486415097342797,-3.83545876,7.74059429,-23.79009925,27.25697689,2452.27527912,4014897.77227588,19849823.74384249,5.9662,163714075.9421572,0.0,12.124689724819843,8.247633734931378,0,0,1,11,290,122,4,18
20261006_192850,2026-10-06T19:28:50.682002+00:00,38330,GUSD,GUSD,gusd,234,201_300,0.9983457338561266,-0.00361228,0.01323041,0.01198801,-0.08049867,0.00124181,-0.01385626,201579.62717042,339.5823,149192786.46745956,0.0,0.13511352119855105,740.1183768502984,0,0,1,104,197,290,41,91
20261006_192850,2026-10-06T19:28:50.682002+00:00,41912,DGrid AI,DGAI,dgrid-ai,235,201_300,0.9812309835514283,0.45823674,2.44729605,1.70303924,24.44117567,875.02152018,875.02152018,1110690607.5726461,3.4099,147184647.531733,0.0,754.6239544672492,0.1325163340071787,0,0,1,32,269,8,9,1
20261006_192850,2026-10-06T19:28:50.682002+00:00,39711,Strategy PP Variable tokenized stock (xStock),STRCX,strategy-pp-variable-tokenized-stock-xstock,236,201_300,99.97148266752818,-3.0002831,0.46159498,0.76866157,-2.46970933,2.54494762,10.33713677,326100.98844392,54.3948,146253886.15704837,0.0,0.2229691100951332,448.4926183601552,0,0,1,68,233,283,23,85
20261006_192850,2026-10-06T19:28:50.682002+00:00,40213,Circle Internet Group Tokenized bStocks,CRCLB,circle-internet-group-tokenized-bstocks,237,201_300,84.21138476082132,-0.17131412,0.4287097,0.54085774,-19.46182853,24.70059733,31.44877607,31362279.24069087,-4.6881,143033457.02305275,0.0,21.92653375890663,4.560684379006311,0,0,1,70,231,104,24,8
20261006_192850,2026-10-06T19:28:50.682002+00:00,30605,Ailey,ALE,project-ailey,238,201_300,0.269553836553505,-0.03338067,-0.06614804,0.17552929,0.7676081,3.39454783,4.09995645,108477.38781146,27.1037,140607891.89386478,0.0,0.07714886152574005,1296.195407454404,0,0,1,127,174,292,52,92
20261006_192850,2026-10-06T19:28:50.682002+00:00,25194,Joseon Mun,JSM,joseon-mun,239,201_300,0.0004429033629564014,0.12512349,0.71020351,0.0657408,-5.49347893,-3.68463699,54.04215659,287691.25349471,1.4443,140165627.27481234,0.0,0.20525092998061154,487.20851111099097,0,0,1,64,237,287,21,88
20261006_192850,2026-10-06T19:28:50.682002+00:00,3661,Stronghold SHx,SHX,stronghold-token,240,201_300,0.007803299582563066,-3.965526,-10.88314228,49.23728208,86.87054349,145.29842151,108.0487731,3696914.44750726,16.5069,137327741.03254482,0.0,2.6920376172438027,37.1465834501909,0,0,1,295,6,233,98,54
20261006_192850,2026-10-06T19:28:50.682002+00:00,2941,CoinEx Token,CET,coinex-token,241,201_300,0.19301940337513407,1.17591062,1.25870323,3760.51626675,2015.81409959,1650.02215928,1405.78960214,0.0,0.0,136780031.20922413,0.0,0.0,,0,0,1,51,250,300,17,100
20261006_192850,2026-10-06T19:28:50.682002+00:00,15271,Rollbit Coin,RLB,rollbit-coin,242,201_300,0.07689577755738798,-0.12835011,-2.64056423,-5.3661209,-2.2491086,12.12521411,14.50122253,1160701.89107194,171.9749,119975018.17398013,0.0,0.9674529820772888,103.36419635120944,0,0,1,222,79,267,81,74
20261006_192850,2026-10-06T19:28:50.682002+00:00,38283,Collector Crypt,CARDS,collector-crypt,243,201_300,0.28899019598856873,2.73494483,6.41900026,27.79883457,104.44570648,102.93566557,79.28172126,13812246.95611592,22.143,119956407.14116362,0.0,11.514388672763259,8.684785865926626,0,0,1,15,286,150,6,24
20261006_192850,2026-10-06T19:28:50.682002+00:00,37003,MicroStrategy tokenized stock (xStock),MSTRX,microstrategy-tokenized-stock-xstock,244,201_300,163.86296968901132,-0.23249308,-0.62444336,6.397254,13.6805704,64.77471561,73.56906449,13889070.53584213,-2.5706,117907425.85238159,0.0,11.779640201144794,8.489223634375657,0,0,1,149,152,149,57,23
20261006_192850,2026-10-06T19:28:50.682002+00:00,28656,ViciCoin,VCNT,vicicoin,245,201_300,18.752348060176413,0.04633783,-0.27777394,-2.02438198,-0.58442456,13.85765512,23.88701195,366230.74181458,-19.6193,114185143.40892246,0.0,0.32073414358558544,311.7847039360054,0,0,1,134,167,282,55,84
20261006_192850,2026-10-06T19:28:50.682002+00:00,36039,Frax USD,FRXUSD,frax-usd,246,201_300,1.0001784671491911,0.02386201,0.02681092,-0.00136887,0.03852097,0.03280567,0.05580213,4760629.34734308,264.9496,109288903.90733597,0.0,4.356004294250704,22.956818507269507,0,0,1,102,199,216,40,45
20261006_192850,2026-10-06T19:28:50.682002+00:00,39070,Kinetiq,KNTQ,kinetiq,247,201_300,0.3248123864620165,-0.20235864,-2.38668975,11.59488162,51.36336367,234.86683545,112.72860799,3954604.4039199,29.4503,108966822.03099482,0.0,3.6291821035168317,27.554417813064756,0,0,1,214,87,230,80,51
20261006_192850,2026-10-06T19:28:50.682002+00:00,36902,lium,SN51,celium,248,201_300,28.40794090759645,-0.6040711,-0.40482216,-2.57223366,24.32927528,102.97308575,162.28056862,1542466.34747458,102.3537,108506346.11595543,0.0,1.4215448245084408,70.34600546949282,0,0,1,139,162,264,56,72
20261006_192850,2026-10-06T19:28:50.682002+00:00,40925,Artificial Inu,AI,artificial-inu-ai,249,201_300,0.10823144913842409,-3.2907098,-14.52424716,-46.06328976,-50.35339374,2666.61503662,78498.88453156,10651810.33146925,-40.6985,108213860.32289015,0.0,9.843295766074899,10.159198948857338,0,0,1,299,2,164,100,29
20261006_192850,2026-10-06T19:28:50.682002+00:00,36576,Huma Finance,HUMA,huma-finance,250,201_300,0.030343234810477633,2.09504579,-6.40837569,1.91041015,38.50775919,49.87854745,32.2196838,20296841.22183617,14.9518,107542034.3897033,0.0,18.87340269971637,5.2984616283052555,0,0,1,285,16,118,94,15
20261006_192850,2026-10-06T19:28:50.682002+00:00,35818,SoSoValue,SOSO,sosovalue,251,201_300,0.3108027766730116,0.94517098,1.73673213,0.56681884,-0.10917045,-13.91532378,4.57772795,3927810.35502519,5.1414,106295030.74486826,0.0,3.695196593388085,27.062159609838538,0,0,1,39,262,231,14,52
20261006_192850,2026-10-06T19:28:50.682002+00:00,38236,Quack AI,Q,quack-ai,252,201_300,0.02160303119262185,-0.32759186,0.63338576,-10.92497915,-19.19661799,-3.40118818,18.6991037,6911953.23333089,90.1767,100917897.01651643,0.0,6.849085680213555,14.600488980433077,0,0,1,66,235,191,22,36
20261006_192850,2026-10-06T19:28:50.682002+00:00,38056,Circle Internet Group Tokenized Stock (Ondo),CRCLon,circle-internet-group-tokenized-stock-ondo,253,201_300,84.07747575567001,-0.38921367,0.30862966,0.25846328,-19.44445254,24.66274083,31.69980799,2273697.68253193,-12.2409,100521293.99780248,0.0,2.261906499713022,44.210492349125595,0,0,1,79,222,252,30,65
20261006_192850,2026-10-06T19:28:50.682002+00:00,7127,Velo,VELO,velo,254,201_300,0.0055887702496614095,-0.26018608,-6.4583045,8.65371997,14.21169855,66.19847476,69.53598806,4750867.74629267,-20.989,98160468.30025062,0.0034,4.839899226805686,20.66158721779825,0,0,1,286,15,217,95,46
20261006_192850,2026-10-06T19:28:50.682002+00:00,4120,Prom,PROM,prom,255,201_300,5.293178902590354,-1.47399151,-14.42508135,-10.92659173,-2.8617916,159.63314109,341.85362529,30393032.84092066,896.3114,96600514.97227396,0.0033,31.462599189708246,3.178376948358134,0,0,1,298,3,106,99,9
20261006_192850,2026-10-06T19:28:50.682002+00:00,5665,Helium,HNT,helium,256,201_300,0.5185177263785887,1.50314455,-2.24332326,9.1704021,-7.60793915,160.71973262,133.92571059,7293517.0778539,-70.2395,96610968.56080388,0.0033,7.54936751644674,13.246142777145785,0,0,1,210,91,188,78,34
20261006_192850,2026-10-06T19:28:50.682002+00:00,36119,Walrus,WAL,walrus-xyz,257,201_300,0.03694332986358865,-0.49024283,2.07693845,9.71279543,32.65897878,47.08895523,17.90202291,5410953.08472089,39.5496,96691469.40320282,0.0033,5.596101825857304,17.869581918245444,0,0,1,36,265,210,12,40
20261006_192850,2026-10-06T19:28:50.682002+00:00,25028,ORDI,ORDI,ordi,258,201_300,4.566318950767128,-1.15716954,0.20082447,-1.44541586,6.47640894,39.21294582,29.22122549,25122866.73173956,74.8191,95892697.9661097,0.0033,26.198936169903636,3.8169488772935862,0,0,1,84,217,109,32,10
20261006_192850,2026-10-06T19:28:50.682002+00:00,7548,WEMIX,WEMIX,wemix,259,201_300,0.19168304469027142,-0.09398306,-1.44075978,-1.41514509,-1.51153467,-4.13190755,-31.56949263,562387.88163988,2.0387,95784415.0366231,0.0033,0.587139234942189,170.3173524246701,0,0,1,186,115,278,70,81
20261006_192850,2026-10-06T19:28:50.682002+00:00,40536,Strategy Tokenized bStocks,MSTRB,strategy-tokenized-bstocks,260,201_300,163.76090481069392,-0.27795531,-0.69569218,6.30566825,13.67026746,64.53680007,73.07190214,19914348.51341761,-47.271,95545881.88920917,0.0,20.842707314700824,4.797841206044657,0,0,1,153,148,120,59,16
20261006_192850,2026-10-06T19:28:50.682002+00:00,29587,Wormhole,W,wormhole,261,201_300,0.014324720178071198,-0.60294245,-1.40269367,2.56596432,38.37312641,72.29858997,49.67350905,50741739.55045494,-1.066,94405547.76453133,0.0032,53.74868400426662,1.860510668355376,0,0,1,185,116,79,69,5
20261006_192850,2026-10-06T19:28:50.682002+00:00,5034,Kusama,KSM,kusama,262,201_300,4.903554592847403,-1.03569125,-5.1777125,3.79620606,27.59582549,59.52218517,53.12280028,4045383.76815196,14.9627,92893074.55129299,0.0032,4.354881984144265,22.962734779975904,0,0,1,276,25,224,91,49
20261006_192850,2026-10-06T19:28:50.682002+00:00,1785,Gas,GAS,gas,263,201_300,1.4133188011412054,-0.6279809,-1.60804495,-0.30767813,14.58046347,51.13873715,37.66278085,987754.62308713,-8.2303,91854883.3322924,0.0032,1.0753425264434213,92.99362532488988,0,0,1,194,107,270,72,77
20261006_192850,2026-10-06T19:28:50.682002+00:00,11857,GMX,GMX,gmx,264,201_300,8.758752445713814,-0.11928056,-2.09427633,11.39562722,9.97841297,34.41407722,56.19983426,6359766.31390698,6.528,91710295.49271616,0.0032,6.934626346735614,14.420387631566292,0,0,1,206,95,200,77,39
20261006_192850,2026-10-06T19:28:50.682002+00:00,21585,Safe,SAFE,safe1,265,201_300,0.11707348475965229,-0.74183135,-0.0364114,8.72877939,19.92088359,30.14489633,11.55788487,2458700.0973548,-77.5691,91687874.54062413,0.0032,2.681597877225766,37.29119897106069,0,0,1,123,178,251,50,64
20261006_192850,2026-10-06T19:28:50.682002+00:00,5864,Yearn,YFI,yearn-finance,266,201_300,2537.9390555079817,-0.16484613,-0.87042323,4.62147778,9.65926831,22.71339202,16.89575597,6488741.18993247,4.1342,91558554.89301834,0.0031,7.08698515121197,14.110372445594676,0,0,1,163,138,199,63,38
20261006_192850,2026-10-06T19:28:50.682002+00:00,3640,Livepeer,LPT,livepeer,267,201_300,1.8175746223105347,-0.09639601,3.49621424,6.31833325,27.06661493,45.30497559,18.75853198,34699520.47209845,141.0835,90313382.80027626,0.0031,38.421238797836615,2.602727114713196,0,0,1,23,278,100,8,7
20261006_192850,2026-10-06T19:28:50.682002+00:00,39682,Pharos,PROS,pharos,268,201_300,0.6664361789862068,-0.45471413,-9.96528028,-2.4572534,57.8431649,68.16538041,70.95697449,5076306.81554991,-38.6945,90368745.87052964,0.0,5.617325732087377,17.80206539008027,0,0,1,294,7,211,97,41
20261006_192850,2026-10-06T19:28:50.682002+00:00,34332,Purr,PURR,purr,269,201_300,0.1487147453689772,-1.03125506,-6.82092562,5.49814532,21.73565753,128.45090722,66.51102445,2555986.89612772,6.7926,88536245.77094615,0.0,2.8869384215142393,34.6387713900557,0,0,1,287,14,248,96,62
20261006_192850,2026-10-06T19:28:50.682002+00:00,19269,CoW Protocol,COW,cow-protocol,270,201_300,0.15275203947691615,-0.4911084,-3.08120284,-5.12095599,15.66367189,43.60100147,12.27460085,3460939.15996452,7.8907,87859011.90784511,0.003,3.9391965432011484,25.38588742737269,0,0,1,236,65,238,82,56
20261006_192850,2026-10-06T19:28:50.682002+00:00,37005,Circle tokenized stock (xStock),CRCLX,circle-tokenized-stock-xstock,271,201_300,84.14489554822411,-0.30891567,0.40299194,0.30326808,-19.53384955,24.66329486,31.60507501,24755961.45393734,-7.2638,87591902.30030951,0.0,28.262842573119755,3.538214521107939,0,0,1,72,229,111,26,11
20261006_192850,2026-10-06T19:28:50.682002+00:00,38151,YZY MONEY,YZY,yzy,272,201_300,0.28908780197568956,-0.02267508,-1.64716104,-1.66645578,-1.67088732,-1.55785626,-1.52924825,1269.71223389,-47.3095,87586536.91196209,0.003,0.0014496659859565583,68981.40741987215,0,0,1,195,106,298,73,98
20261006_192850,2026-10-06T19:28:50.682002+00:00,39377,Seeker,SKR,solana-mobile-seeker,273,201_300,0.017344148394449123,0.14878121,-3.99503386,-5.39947409,-14.36500236,136.63158238,84.10905833,3230338.13638955,-38.3073,87491867.08908801,0.003,3.6921581900867197,27.084429986909974,0,0,1,257,44,242,86,58
20261006_192850,2026-10-06T19:28:50.682002+00:00,29169,Qubic,QUBIC,qubic,274,201_300,6.094028284549909e-07,-1.38618198,0.98668218,27.30395779,46.25254695,35.55468655,33.66495486,1907090.09043832,-19.4948,87344858.85054114,0.0,2.1834027961526723,45.80006958688882,0,0,1,57,244,261,19,70
20261006_192850,2026-10-06T19:28:50.682002+00:00,2586,Synthetix,SNX,synthetix,275,201_300,0.25273259671063786,-0.73818538,0.40976345,-1.51601621,11.50435137,20.05926696,17.14168095,11485244.33007544,24.8115,87070482.5433614,0.003,13.190743860131649,7.581073596785161,0,0,1,71,230,159,25,26
20261006_192850,2026-10-06T19:28:50.682002+00:00,21707,RedStone,RED,redstone,276,201_300,0.1621625769447825,-0.49704885,-4.94978736,0.04067007,27.0589937,84.27209189,61.58714667,3296736.30795042,-24.6687,86770253.13184476,0.003,3.7993853757014278,26.320046563199288,0,0,1,269,32,240,89,57
20261006_192850,2026-10-06T19:28:50.682002+00:00,1757,FUNToken,FUN,funtoken,277,201_300,0.008009859969062444,0.07048788,0.17335257,10.41560915,31.02462361,97.91984233,142.5637894,945360.55896248,-60.5358,86556162.08121854,0.003,1.0921932491362274,91.55888857497156,0,0,1,85,216,274,33,78
20261006_192850,2026-10-06T19:28:50.682002+00:00,36769,Bulla,BULLA,bulla-mascot,278,201_300,0.08603692230536568,-1.12170198,-1.59852248,6.33280054,17.51706549,474.72615267,1416.54667818,2107778.53711712,44.9004,86036922.30536568,0.0,2.449853482248131,40.81876762206778,0,0,1,193,108,255,71,66
20261006_192850,2026-10-06T19:28:50.682002+00:00,9260,ZIG Finance,ZIG,zigcoin,279,201_300,0.060706105434931414,-0.77221854,6.88406945,16.22089141,18.57396823,52.18179619,34.2054296,4579557.82012359,123.4062,85531308.46739441,0.0,5.3542473536101385,18.676761343977564,0,0,1,13,288,218,5,47
20261006_192850,2026-10-06T19:28:50.682002+00:00,4195,FTX Token,FTT,ftx-token,280,201_300,0.25866430690949355,-0.19201981,0.05521409,3.42568074,17.42399784,32.06275778,19.67801477,1094522.08286473,-16.16,85073424.07376912,0.0029,1.2865616904236095,77.72654878840228,0,0,1,98,203,269,37,76
20261006_192850,2026-10-06T19:28:50.682002+00:00,6748,Centrifuge,CFG,centrifuge,281,201_300,0.14681388408274512,-1.42623335,-4.81182842,-5.10022568,39.7686649,-8.77054877,-21.80352309,10615260.9275544,-26.7012,84733596.64169921,0.0029,12.527806381737378,7.982243415397663,0,0,1,268,33,165,88,30
20261006_192850,2026-10-06T19:28:50.682002+00:00,40217,SpaceX Tokenized bStocks,SPCXB,spacex-tokenized-bstocks,282,201_300,172.89381998763835,0.34795639,1.99655529,16.30823587,14.62324499,32.09680212,18.39627158,75957588.46760648,11.5521,84859112.94606914,0.0,89.51023152443288,1.1171907199536604,0,0,1,37,264,64,13,3
20261006_192850,2026-10-06T19:28:50.682002+00:00,40558,AIVIVE,AVV,aivive,283,201_300,0.008385016132081426,-0.16158557,-0.75737373,-2.4391856,-8.06160262,-9.06997305,-23.02747373,95700.49876731,5.3331,83850161.31428114,0.0,0.11413275450790403,876.172667795157,0,0,1,155,146,293,60,93
20261006_192850,2026-10-06T19:28:50.682002+00:00,34958,Tagger,TAG,tagger,284,201_300,0.000760398461726254,-1.44916036,-1.20936817,-6.47488299,7.72828014,-37.79860838,45.60755129,2522328.46206696,-6.8933,82430670.24456963,0.0028,3.0599392854422724,32.68038698537326,0,0,1,178,123,249,68,63
20261006_192850,2026-10-06T19:28:50.682002+00:00,3701,Rootstock Infrastructure Framework,RIF,rsk-infrastructure-framework,285,201_300,0.08227563951206363,-0.49124934,-0.64810045,0.99743118,11.20307425,21.84800912,-38.83050507,7316393.23128311,0.3825,82275639.51206364,0.0028,8.892538878668146,11.245382377791438,0,0,1,150,151,187,58,33
20261006_192850,2026-10-06T19:28:50.682002+00:00,4691,Zano,ZANO,zano,286,201_300,5.30634085641111,0.09187499,-1.06659999,-11.26064089,-21.28250776,-38.60533811,-38.78132259,1098451.82229004,134.8768,81956906.15484491,0.0,1.3402797565524072,74.61128880826296,0,0,1,174,127,268,65,75
20261006_192850,2026-10-06T19:28:50.682002+00:00,24647,Berachain,BERA,berachain,287,201_300,0.23375732079562755,-0.78130674,-1.12081238,0.28306236,23.09295335,50.30428492,19.14625769,15626029.14694556,1.8837,81658501.85913748,0.0028,19.13582638817054,5.2257999195591776,0,0,1,176,125,140,67,22
20261006_192850,2026-10-06T19:28:50.682002+00:00,21259,ZetaChain,ZETA,zetachain,288,201_300,0.04939006402253907,-0.46434143,-3.1900531,-4.44071089,37.00606361,68.29373801,46.46194833,4855567.10239558,-24.7191,81776055.06581835,0.0028,5.93763920072633,16.84171042049294,0,0,1,239,62,213,83,43
20261006_192850,2026-10-06T19:28:50.682002+00:00,38273,U.S. Dollar Tokenized Currency (Ondo),USDon,us-dollar-tokenized-currency-ondo,289,201_300,0.9998701841194689,0.00555553,0.00732635,0.00291042,-0.00621724,0.02888856,0.06219374,11668634.35555663,-4.2961,81612373.8629688,0.0,14.29762890508349,6.994166701616185,0,0,1,105,196,158,42,25
20261006_192850,2026-10-06T19:28:50.682002+00:00,36195,Alaya Governance Token,AGT,alaya-ai,290,201_300,0.02494590605501915,-0.20971607,0.84198149,41.73578671,57.06961651,68.40255604,131.77368052,4789461.80632082,-0.7969,81321466.18745892,0.0,5.88954187727057,16.979249334473476,0,0,1,59,242,214,20,44
20261006_192850,2026-10-06T19:28:50.682002+00:00,40643,"SpaceX 
Pre-IPO stock (Republic)",preSPCX,spacex-pre-ipo-stock-republic,291,201_300,170.98928565610248,-0.55072545,1.31510718,15.64374539,16.00868999,32.75595063,17.58212675,74756.242006,-29.7702,81177163.36523466,0.0,0.09209023684364842,1085.891441128345,0,0,1,48,253,294,15,94
20261006_192850,2026-10-06T19:28:50.682002+00:00,35763,KAITO,KAITO,kaito,292,201_300,0.33320257955051175,-0.78113763,-3.19788194,-2.03264758,5.96596842,-60.17536305,-48.79355382,11390416.09996103,-13.8278,80431400.48963214,0.0028,14.16165332273344,7.061322412085308,0,0,1,240,61,160,84,27
20261006_192850,2026-10-06T19:28:50.682002+00:00,2682,Holo,HOT,holo,293,201_300,0.0004525753503897396,-0.23120337,-1.70964656,3.05892577,18.63175617,33.83771021,39.7858636,2084833.92563041,-17.9785,80337130.79274805,0.0028,2.5951062790738924,38.53406729673002,0,0,1,197,104,256,74,67
20261006_192850,2026-10-06T19:28:50.682002+00:00,38942,USDsui,USDsui,usdsui,294,201_300,1.0001586238348756,-0.00161091,0.07907578,0.01966765,-0.01562135,0.08483681,0.16804405,2898047.09168529,-27.4485,79863409.43110405,0.0,3.6287545351859225,27.557664490766225,0,0,1,94,207,244,35,59
20261006_192850,2026-10-06T19:28:50.682002+00:00,34812,Bio Protocol,BIO,bio,295,201_300,0.03164727289839137,-0.99896915,-2.35876149,1.7206464,14.65566073,26.84081476,15.16957169,19883993.55767263,45.8874,79075724.84222068,0.0027,25.145509064061116,3.9768532720987406,0,0,1,213,88,121,79,17
20261006_192850,2026-10-06T19:28:50.682002+00:00,41861,牛来 (Niu Lai),牛来,niu-lai,296,201_300,0.0790533106158446,-1.47284736,2.34210356,-25.13292846,-11.40579628,8386.0747717,8386.0747717,22174807.38579285,12.8658,79053310.6158446,0.0,28.050447493021714,3.5650055146135418,0,0,1,34,267,115,10,13
20261006_192850,2026-10-06T19:28:50.682002+00:00,38947,Solstice eUSX,EUSX,solstice-eusx,297,201_300,1.0408713629485624,0.00729434,0.0558238,-1.35832287,-0.9025743,-0.66401029,-0.358232,6506362.27776759,-27.6251,78856975.48664771,0.0,8.250839241062785,12.119979201911958,0,0,1,97,204,198,36,37
20261006_192850,2026-10-06T19:28:50.682002+00:00,40092,o1.exchange,O,o1-exchange,298,201_300,0.49354746453898257,-0.824269,-2.06935892,-12.23115714,-7.61717174,3.08654858,-11.29255982,240619007.13566378,10397.8747,78967594.32623722,0.0027,304.70601160977424,0.3281851889685272,0,0,1,205,96,26,76,2
20261006_192850,2026-10-06T19:28:50.682002+00:00,20964,Law Blocks (AI),LBT,law-blocks,299,201_300,0.31995497390013095,0.00824425,-0.00491773,-0.08413507,-0.56985891,8.18415516,8.18252296,688114.39790836,-2.5787,78388324.8561246,0.0,0.8778276601411474,113.91757692383585,0,0,1,114,187,277,46,80
20261006_192850,2026-10-06T19:28:50.682002+00:00,3822,Theta Fuel,TFUEL,theta-fuel,300,201_300,0.01044828487893674,0.10645541,-0.97365527,-0.68433272,9.38273264,41.47377646,36.84593318,1768408.70076959,152.9469,78251702.33747943,0.0027,2.2598980570964438,44.24978360682417,0,0,1,168,133,262,64,71
20261006_193447,2026-10-06T19:34:47.299527+00:00,38341,Rain,RAIN,rain,201,201_300,0.011077254368190858,0.36991068,-3.7705284,-12.90891111,-34.00722554,-12.86061236,-23.99650002,24525737.28703774,-23.4224,7856125251.124448,0.0,0.3121861796122379,320.32167511133457,0,0,1,253,48,112,86,12
20261006_193447,2026-10-06T19:34:47.299527+00:00,12400,Decimal,DEL,decimal,202,201_300,0.387313938316039,-0.02899208,0.10253707,-13.18970786,-20.1484384,-39.56453478,39186.58300923,269393.34088667,3.6912,4307319816.911878,0.0,0.006254314802187381,15988.961726874708,0,0,1,93,208,289,35,90
20261006_193447,2026-10-06T19:34:47.299527+00:00,39158,Bitway,BTW,bitway-btw,203,201_300,1.211177780481911,0.81272082,-5.51815846,-9.36991703,174.84168317,511.23796483,1744.16011605,18997749.42788742,-59.6626,3526222011.463389,0.0,0.538756475517641,185.6126182129306,0,0,1,280,21,128,92,19
20261006_193447,2026-10-06T19:34:47.299527+00:00,29256,Ondo US Dollar Yield,USDY,ondo-us-dollar-yield,204,201_300,1.1486604920727017,-0.00326874,0.06878137,0.07154666,0.31630929,0.62554753,1.00434834,2841197.97892916,11.3335,2304507591.4653397,0.0,0.12328872291206303,811.1041921597813,0,0,1,95,206,245,36,60
20261006_193447,2026-10-06T19:34:47.299527+00:00,35721,Falcon USD,USDf,falcon-finance,205,201_300,0.996308709292943,0.00212102,-0.01945246,0.03043553,0.09016213,0.07675656,-0.04425014,393063.46491048,-2.3662,1655647615.9852552,0.0,0.023740768332310425,4212.163591348609,0,0,1,123,178,281,50,83
20261006_193447,2026-10-06T19:34:47.299527+00:00,29160,HTX,HTX,htx,206,201_300,1.7078704045595269e-06,-0.00497236,-0.66687234,0.08505691,1.49885595,-5.00155301,-8.29022718,44966831.74100066,-46.8294,1534065093.6407866,0.0,2.9312205803654114,34.11548099445106,0,0,1,157,144,85,61,6
20261006_193447,2026-10-06T19:34:47.299527+00:00,39683,USDGO,USDGO,usdgo,207,201_300,0.9999866312904526,0.00963257,0.01444088,-0.0044764,0.01546269,-0.00131924,-0.01836078,20830953.75276151,33.7362,1305605838.471418,0.0,1.595500965065387,62.67623911835227,0,0,1,105,196,117,41,14
20261006_193447,2026-10-06T19:34:47.299527+00:00,37745,c8ntinuum,CTM,c8ntinuum,208,201_300,0.23241376315979895,-0.30613869,0.06596217,1.23946631,2.25224527,17.96021333,8.54737397,17487446.04029847,-1.1343,1036186007.2698572,0.0,1.687674405715475,59.25313535676087,0,0,1,97,204,131,37,20
20261006_193447,2026-10-06T19:34:47.299527+00:00,28853,Jupiter Perps LP,JLP,jupiter-perps-lp,209,201_300,4.890988697398303,-0.13472044,0.1196859,0.75593073,8.45783885,35.6693558,35.26827202,4880083.9875256,-21.1705,944278024.1200528,0.0,0.5168058413805848,193.49626492777637,0,0,1,91,210,212,34,42
20261006_193447,2026-10-06T19:34:47.299527+00:00,20279,Dohrnii,DHN,dohrnii,210,201_300,501.6887504218396,0.07274087,0.27557021,15019.49532219,14909.29807884,14328.51521626,13955.02825017,311537.41341443,34.2324,752533125.6327595,0.0,0.041398498325569,2415.5465546980213,0,0,1,83,218,285,30,87
20261006_193447,2026-10-06T19:34:47.299527+00:00,23508,GHO,GHO,gho,211,201_300,0.9992722879801138,0.00674256,-0.00180021,-0.01686622,0.03248002,0.08249896,0.11607537,1019866.25529243,79.4273,698491329.2980995,0.0,0.14600986619508563,684.8852245805687,0,0,1,115,186,270,45,77
20261006_193447,2026-10-06T19:34:47.299527+00:00,38127,AKEDO,AKE,akedo,212,201_300,0.02941929189517243,-0.13390972,-4.8776562,-4.18496084,99.30156921,604.30486426,14851.12326867,8499835.00567668,-11.4891,670649532.8653245,0.0,1.267403403587185,78.90147660718426,0,0,1,275,26,178,90,32
20261006_193447,2026-10-06T19:34:47.299527+00:00,40671,Open USD,OUSD,open-usd,213,201_300,1.0026475380331892,0.05281904,0.38391104,0.18472487,0.18472487,0.18472487,0.18472487,7845.96825038,26.7092,670269457.3613677,0.0,0.0011705692634820359,85428.52022488172,0,0,1,77,224,297,28,97
20261006_193447,2026-10-06T19:34:47.299527+00:00,3987,Beldex,BDX,beldex,214,201_300,0.0733358288460637,0.61243629,-0.1928435,-1.42620713,-7.01129045,-19.96788568,-19.53976301,4195454.34768696,10.6353,577232137.8864889,0.0,0.7268227238782025,137.58513144225458,0,0,1,136,165,221,56,48
20261006_193447,2026-10-06T19:34:47.299527+00:00,32307,Usual USD,USD0,usual-usd,215,201_300,0.9987623405815407,-9.262e-05,-0.00539293,-0.01151066,-0.02171055,-0.00356717,-0.00730851,0.0,-100.0,545881497.9405681,0.0,0.0,,0,0,1,117,184,299,46,99
20261006_193447,2026-10-06T19:34:47.299527+00:00,38562,USDai,USDAI,usdai,216,201_300,1.0003236715609196,0.0157735,-0.00013169,-0.00744903,0.02766333,0.04059135,0.04620975,25637.81148344,-46.3509,501513399.1015212,0.0,0.005112089034783724,19561.474637780968,0,0,1,113,188,296,44,96
20261006_193447,2026-10-06T19:34:47.299527+00:00,38339,Unibase,UB,unibase,217,201_300,0.14191494078661424,-0.20639835,2.12055372,-4.00288761,4.6461629,1.40774157,86.17823354,2665454.37298503,-17.1374,354787351.9665356,0.0,0.751282242225039,133.10576821812595,0,0,1,37,264,246,13,61
20261006_193447,2026-10-06T19:34:47.299527+00:00,39686,Backpack,BP,backpack-exchange,218,201_300,1.241708845163012,1.04709903,-1.63190995,0.89184735,154.16707384,207.73359309,123.06155324,7053755.85405631,-25.4359,310425707.6682414,0.0,2.2722846980169598,44.00856991523587,0,0,1,197,104,189,73,35
20261006_193447,2026-10-06T19:34:47.299527+00:00,35014,Derive,DRV,derive,219,201_300,0.41273746372234715,-0.12254302,3.31838817,6.91380943,149.34343746,329.77949583,280.50352764,8900609.17348972,-21.5249,304406130.7813667,0.0,2.9239257273311603,34.200595133199876,0,0,1,25,276,175,8,31
20261006_193447,2026-10-06T19:34:47.299527+00:00,36743,Ribbita by Virtuals,TIBBIR,ribbita-by-virtuals,220,201_300,0.27607851730701893,-0.93380498,9.03519339,-32.67660372,13.12865618,177.54859914,162.82045473,1962972.45197602,-6.5225,276078517.30701894,0.0,0.7110196298950182,140.64309309542546,0,0,1,11,290,259,4,69
20261006_193447,2026-10-06T19:34:47.299527+00:00,27048,Ape and Pepe,APEPE,ape-and-pepe,221,201_300,1.3051259127426404e-06,-0.28710217,-1.01797815,-1.50311455,13.12812181,38.67145948,44.42050479,11290432.46867257,21.592,274076441.67595446,0.0,4.119446530913975,24.27510570887618,0,0,1,176,125,161,67,28
20261006_193447,2026-10-06T19:34:47.299527+00:00,7184,48 Club Token,KOGE,bnb48-club-token,222,201_300,66.1729492093673,-0.50328185,0.81826248,-1.68138252,-2.88017015,10.15228153,4.16772635,59284.84537258,429.3045,224209067.8081243,0.0,0.026441769707242765,3781.8951268079695,0,0,1,62,239,295,20,95
20261006_193447,2026-10-06T19:34:47.299527+00:00,32864,AUSD,AUSD,agora-finance,223,201_300,0.999793706475466,-0.03754341,-0.0130284,-0.00291061,-0.00583687,0.00109323,0.01589654,476801.54834374,343.3725,221679976.72029534,0.0,0.21508552797501612,464.9313272793314,0,0,1,119,182,279,47,82
20261006_193447,2026-10-06T19:34:47.299527+00:00,6952,Legacy Frax Dollar,FRAX,frax,224,201_300,0.9921691590054009,-0.00337984,-0.15404341,-0.17286059,-0.06980196,0.15871824,0.15217324,270556.81818037,237.3999,217592862.2086856,0.0,0.1243408517329436,804.2409120276712,0,0,1,133,168,288,55,89
20261006_193447,2026-10-06T19:34:47.299527+00:00,38948,Solstice USX,USX,solstice-usx,225,201_300,0.9990245908330274,0.00011241,-0.02582728,-0.34631782,-0.09807009,-0.38065887,-0.25166096,3644162.57404966,-90.3733,211796021.51472664,0.0,1.72060010758808,58.119257088841515,0,0,1,126,175,235,52,55
20261006_193447,2026-10-06T19:34:47.299527+00:00,29960,Shuffle,SHFL,shuffle,226,201_300,0.4115559555448576,0.59736401,-6.00560199,-21.86195011,37.48284949,40.68716943,44.99972383,1437399.96904241,59.6786,200860014.4639992,0.0,0.715622754921209,139.73842965769043,0,0,1,284,17,265,93,73
20261006_193447,2026-10-06T19:34:47.299527+00:00,32796,EUR CoinVertible,EURCV,eur-coinvertible,227,201_300,1.1256338664421048,-0.0108847,0.39638709,-0.70869338,-3.00182608,-2.61283196,-1.36540942,16642493.7883841,-15.1997,188859379.53103274,0.0,8.812108686214053,11.348021632602334,0,0,1,75,226,134,26,21
20261006_193447,2026-10-06T19:34:47.299527+00:00,34261,WeFi,WFI,wfi,228,201_300,2.1372927538773028,-1.3982249,-3.59247849,6.47739608,5.42102858,4.34702449,5.80680858,3807872.71819527,68.0469,185103983.24252924,0.0,2.0571533099890518,48.610864107416575,0,0,1,250,51,232,85,53
20261006_193447,2026-10-06T19:34:47.299527+00:00,38386,USAT,USAT,tether-usat,229,201_300,0.9993282514380012,-0.00788122,0.05627552,0.01570434,-0.02246594,0.07880103,0.08200836,1976234.37545923,16.9175,183194442.1755513,0.0,1.0787632812383288,92.69874284672396,0,0,1,99,202,258,38,68
20261006_193447,2026-10-06T19:34:47.299527+00:00,36063,Bedrock,BR,bedrock-dao,230,201_300,0.6042903943585476,-5.10943344,38.20126366,-27.12936306,157.68447422,331.60203064,317.52370631,70940075.5753059,971.3995,182294268.56196827,0.0,38.915143155579166,2.5696937462162017,0,0,1,1,300,66,1,4
20261006_193447,2026-10-06T19:34:47.299527+00:00,2499,SwissBorg,BORG,swissborg,231,201_300,0.17603550053298528,0.02878015,1.25497034,-0.07392593,-4.78529206,23.72765816,9.09111942,311560.19343609,47.6956,172911300.53106028,0.0,0.1801849806688164,554.9852136888256,0,0,1,53,248,284,17,86
20261006_193447,2026-10-06T19:34:47.299527+00:00,27960,Non-Playable Coin,NPC,non-playable-coin,232,201_300,0.02245652797976284,-1.22708557,9.94384454,2.31370052,10.89760684,299.41914786,274.75097925,3976662.09329386,2.3347,171189678.9865668,0.0,2.322956685727477,43.048585715959284,0,0,1,6,295,229,2,50
20261006_193447,2026-10-06T19:34:47.299527+00:00,42022,STONK (stonkfun.xyz),STONK,stonk-fun,233,201_300,0.20487760078276998,-3.23815544,9.17651571,-24.68255354,33.16617873,2348.16271735,4015161.36624432,19745622.35675729,4.9202,163724824.1530939,0.0,12.060249543034345,8.291702393318813,0,0,1,9,292,123,3,18
20261006_193447,2026-10-06T19:34:47.299527+00:00,38330,GUSD,GUSD,gusd,234,201_300,0.9984293239278225,-0.00360085,0.03152934,0.01257629,-0.06807582,8.317e-05,0.00626808,201596.50514658,341.8666,149205278.16777378,0.0,0.13511352119855635,740.1183768502694,0,0,1,101,200,290,39,91
20261006_193447,2026-10-06T19:34:47.299527+00:00,41912,DGrid AI,DGAI,dgrid-ai,235,201_300,0.9808069259238172,0.49717788,2.39961387,1.15470752,24.43489568,874.60014609,874.60014609,1110891997.7362182,3.3919,147121038.88759178,0.0,755.0871079594525,0.13243505146080434,0,0,1,33,268,8,11,1
20261006_193447,2026-10-06T19:34:47.299527+00:00,39711,Strategy PP Variable tokenized stock (xStock),STRCX,strategy-pp-variable-tokenized-stock-xstock,236,201_300,99.971515824929,0.35374798,0.4626315,0.73951576,-2.46829638,2.5832978,10.3340489,340404.92107443,61.1614,146253934.66486877,0.0,0.23274923977563092,429.64694577047595,0,0,1,72,229,283,24,85
20261006_193447,2026-10-06T19:34:47.299527+00:00,40213,Circle Internet Group Tokenized bStocks,CRCLB,circle-internet-group-tokenized-bstocks,237,201_300,84.19590936215553,-0.21786974,0.47062219,0.87963601,-19.5139959,25.4651059,30.95085762,31346321.87068088,-4.7624,143007171.98123488,0.0,21.91940546505883,4.562167535036818,0,0,1,71,230,104,23,8
20261006_193447,2026-10-06T19:34:47.299527+00:00,30605,Ailey,ALE,project-ailey,238,201_300,0.2696712749497327,0.00950573,-0.02458198,0.21845808,0.81053511,3.4493146,4.14646606,108440.58727857,27.1152,140669151.51284146,0.0,0.07708910312768229,1297.2002000642103,0,0,1,125,176,292,51,92
20261006_193447,2026-10-06T19:34:47.299527+00:00,25194,Joseon Mun,JSM,joseon-mun,239,201_300,0.0004426924129672394,0.07884606,0.64693428,-0.01611138,-5.52139299,-3.699623,53.94242528,287580.21632638,1.4019,140098867.93174225,0.0,0.2052694790271198,487.16448482235484,0,0,1,67,234,287,21,88
20261006_193447,2026-10-06T19:34:47.299527+00:00,3661,Stronghold SHx,SHX,stronghold-token,240,201_300,0.00776870619502416,-4.30418287,-11.38545567,48.64940623,86.21259684,144.50638749,107.61133886,3700267.5796554,16.0829,136718943.21373534,0.0,2.7064776048412695,36.94839366899725,0,0,1,295,6,233,98,54
20261006_193447,2026-10-06T19:34:47.299527+00:00,2941,CoinEx Token,CET,coinex-token,241,201_300,0.19301893956991112,1.16774425,1.26174143,3760.32941833,2015.85059447,1650.0177331,1405.91919843,0.0,0.0,136779702.54126766,0.0,0.0,,0,0,1,52,249,300,16,100
20261006_193447,2026-10-06T19:34:47.299527+00:00,15271,Rollbit Coin,RLB,rollbit-coin,242,201_300,0.07689577696724566,-0.12499021,-2.25513573,-5.36612163,-2.24962026,12.12521325,14.50122165,1160013.99098801,170.9403,119975017.253223,0.0,0.9668796200626073,103.42549157621588,0,0,1,215,86,267,76,74
20261006_193447,2026-10-06T19:34:47.299527+00:00,38283,Collector Crypt,CARDS,collector-crypt,243,201_300,0.2887317522234577,2.85912273,6.23028973,27.77650132,105.30011678,102.55513107,78.53917296,13652294.59404164,19.0818,119849130.19564405,0.0,11.391233771789055,8.778680343445751,0,0,1,16,285,150,6,24
20261006_193447,2026-10-06T19:34:47.299527+00:00,37003,MicroStrategy tokenized stock (xStock),MSTRX,microstrategy-tokenized-stock-xstock,244,201_300,163.93839165366674,-0.1782293,-0.65824734,6.36580813,13.75592046,65.41880475,73.26389587,14044207.5824104,-1.6369,117961695.64696744,0.0,11.905735591018905,8.399313023164652,0,0,1,156,145,149,60,23
20261006_193447,2026-10-06T19:34:47.299527+00:00,28656,ViciCoin,VCNT,vicicoin,245,201_300,18.74925448112912,-0.0593543,-0.34036813,-1.91561251,-0.75251771,13.35167233,23.60645941,365672.72338726,-19.9345,114166306.26031427,0.0,0.3202982870913576,312.20897529020294,0,0,1,143,158,282,58,84
20261006_193447,2026-10-06T19:34:47.299527+00:00,36039,Frax USD,FRXUSD,frax-usd,246,201_300,0.9999218551969236,-0.00204346,0.00126369,-0.02733371,0.01008011,0.00714295,0.02766289,4760655.64576634,265.7878,109260864.0725325,0.0,4.35714625376383,22.950801780779585,0,0,1,111,190,216,43,45
20261006_193447,2026-10-06T19:34:47.299527+00:00,39070,Kinetiq,KNTQ,kinetiq,247,201_300,0.3249016228809162,-0.122886,-2.5600274,11.71126671,51.28130311,233.86325675,112.7921542,3954461.48910021,29.1989,108996758.72485937,0.0,3.6280542057974965,27.56298399296342,0,0,1,223,78,230,79,51
20261006_193447,2026-10-06T19:34:47.299527+00:00,36902,lium,SN51,celium,248,201_300,28.472734858837605,-0.39242964,-0.14176453,-2.17098029,25.33632978,103.47599564,162.51459508,1544961.35072588,102.7274,108753831.66664922,0.0,1.4206040624494727,70.3925904784302,0,0,1,132,169,264,54,72
20261006_193447,2026-10-06T19:34:47.299527+00:00,40925,Artificial Inu,AI,artificial-inu-ai,249,201_300,0.10811043761164006,-3.35584948,-14.51877404,-46.32990279,-54.28603747,2740.60432915,78411.00461222,10629554.82139096,-41.0179,108092868.46182656,0.0,9.833724437745706,10.169087066967284,0,0,1,298,3,164,99,29
20261006_193447,2026-10-06T19:34:47.299527+00:00,36576,Huma Finance,HUMA,huma-finance,250,201_300,0.03033772411614303,2.11534916,-6.539742,1.752054,38.45183714,49.9550556,32.41291401,20325838.15454715,15.572,107522503.47009818,0.0,18.903799203484628,5.289941927735168,0,0,1,286,15,118,95,15
20261006_193447,2026-10-06T19:34:47.299527+00:00,35818,SoSoValue,SOSO,sosovalue,251,201_300,0.31025884340942966,0.66001268,2.43876738,0.36785271,-0.26647305,-13.88264123,4.37549245,3933851.78356695,5.3419,106109004.72671454,0.0,3.7073684685844044,26.97331027314458,0,0,1,32,269,231,10,52
20261006_193447,2026-10-06T19:34:47.299527+00:00,38236,Quack AI,Q,quack-ai,252,201_300,0.021614798011968965,-0.35744862,0.8499139,-10.41234995,-19.0767551,-3.17446961,18.74306704,6915835.0590922,90.3495,100972865.35186234,0.0,6.8492015503298225,14.60024197932743,0,0,1,59,242,191,18,36
20261006_193447,2026-10-06T19:34:47.299527+00:00,38056,Circle Internet Group Tokenized Stock (Ondo),CRCLon,circle-internet-group-tokenized-stock-ondo,253,201_300,84.1411170754506,-0.24701914,0.41478742,0.59749291,-19.45389135,24.96496276,31.54256901,2266941.91308558,-12.5197,100597382.24567834,0.0,2.253480023515192,44.37580939546582,0,0,1,73,228,252,25,65
20261006_193447,2026-10-06T19:34:47.299527+00:00,7127,Velo,VELO,velo,254,201_300,0.005589566914015262,-0.19106481,-6.21558319,8.93356398,14.11094541,66.30220882,69.42487587,4738262.6101681,-21.2848,98174460.81426692,0.0034,4.826369883642412,20.719506049240266,0,0,1,285,16,217,94,46
20261006_193447,2026-10-06T19:34:47.299527+00:00,36119,Walrus,WAL,walrus-xyz,255,201_300,0.036977275334243324,-0.35416579,2.20995297,9.90175606,32.60185226,47.2481876,18.00076789,5411858.96104767,42.9249,96780314.6006797,0.0033,5.591900567152798,17.883007539047952,0,0,1,35,266,210,12,40
20261006_193447,2026-10-06T19:34:47.299527+00:00,5665,Helium,HNT,helium,256,201_300,0.5185319046564281,1.37773982,-2.78773606,9.42412595,-7.78414605,158.74241016,133.83502532,7271570.93925465,-70.5058,96613610.27792348,0.0033,7.526445723678983,13.286483909050135,0,0,1,232,69,188,81,34
20261006_193447,2026-10-06T19:34:47.299527+00:00,4120,Prom,PROM,prom,257,201_300,5.280123795755783,-2.33835449,-14.70585205,-11.14249703,-3.14373368,158.89773671,341.08286554,30515974.6597235,898.2405,96362259.27254304,0.0033,31.66797342662405,3.1577644282070643,0,0,1,299,2,106,100,9
20261006_193447,2026-10-06T19:34:47.299527+00:00,25028,ORDI,ORDI,ordi,258,201_300,4.570409250676438,-1.02988974,0.35074803,-1.47821313,6.8444028,39.44396401,29.38199751,25176791.20304297,74.652,95978594.2642052,0.0033,26.231673214276846,3.8121853372881307,0,0,1,78,223,109,29,10
20261006_193447,2026-10-06T19:34:47.299527+00:00,7548,WEMIX,WEMIX,wemix,259,201_300,0.19166046673191198,-0.07871193,-1.7349624,-1.45315491,-1.46218183,-4.22997881,-31.54420939,551352.33836943,-2.002,95773132.78399782,0.0033,0.5756858132780558,173.70586124153817,0,0,1,200,101,278,75,81
20261006_193447,2026-10-06T19:34:47.299527+00:00,40536,Strategy Tokenized bStocks,MSTRB,strategy-tokenized-bstocks,260,201_300,163.89520615838512,-0.21475765,-0.66865875,6.39748753,13.79035733,65.20531693,72.68573092,19840057.37516228,-47.582,95624239.66769664,0.0,20.74793738921049,4.8197562063206725,0,0,1,158,143,121,62,16
20261006_193447,2026-10-06T19:34:47.299527+00:00,29587,Wormhole,W,wormhole,261,201_300,0.01441188080596549,0.00164196,-0.73281496,2.88530889,38.40213325,73.50357144,50.27744719,50734393.72396633,-0.333,94979970.63056801,0.0033,53.415886936101195,1.8721022103335117,0,0,1,162,139,79,63,5
20261006_193447,2026-10-06T19:34:47.299527+00:00,5034,Kusama,KSM,kusama,262,201_300,4.91273944074701,-0.80728083,-5.07290566,3.89160855,28.26422187,59.83391041,53.23930387,4071587.70349088,15.6263,93067120.16918963,0.0032,4.374893835856329,22.857697524087754,0,0,1,278,23,224,91,49
20261006_193447,2026-10-06T19:34:47.299527+00:00,1785,Gas,GAS,gas,263,201_300,1.4141935416328515,-0.12721946,-1.55436462,-0.06553652,14.62809903,51.127675,37.62471913,987638.99602992,-8.2654,91911734.75586456,0.0032,1.0745515778298398,93.06207543984031,0,0,1,194,107,271,72,78
20261006_193447,2026-10-06T19:34:47.299527+00:00,21585,Safe,SAFE,safe1,264,201_300,0.11682688861676428,-0.85425614,-0.23406999,8.46254639,19.50931234,30.0529978,11.17928771,2461945.60580877,-77.533,91494749.03267726,0.0031,2.6908053542280204,37.16359484823811,0,0,1,141,160,251,57,64
20261006_193447,2026-10-06T19:34:47.299527+00:00,11857,GMX,GMX,gmx,265,201_300,8.746689113372664,-0.34344932,-2.65181421,11.29232213,10.09018966,34.22839347,55.78194008,6349588.15054104,6.069,91583983.92260493,0.0031,6.9330770278642815,14.423610122618927,0,0,1,227,74,200,80,39
20261006_193447,2026-10-06T19:34:47.299527+00:00,5864,Yearn,YFI,yearn-finance,266,201_300,2537.217845698028,-0.21907135,-0.8682327,4.66103922,9.62605972,22.77464081,16.75667053,6491901.13509947,4.259,91532536.56612797,0.0031,7.092451906879446,14.099496381921641,0,0,1,171,130,199,66,38
20261006_193447,2026-10-06T19:34:47.299527+00:00,3640,Livepeer,LPT,livepeer,267,201_300,1.81895582510719,-0.0579004,3.68681281,6.47506212,27.20956811,45.4926924,18.75021899,34855618.418882,141.8699,90382013.3232644,0.0031,38.564773163677835,2.5930400154456197,0,0,1,22,279,100,7,7
20261006_193447,2026-10-06T19:34:47.299527+00:00,39682,Pharos,PROS,pharos,268,201_300,0.6657414132892906,-0.59602536,-10.08187185,-2.46474681,57.92307827,67.8740066,70.76994694,5067217.39101674,-38.698,90274535.64202781,0.0,5.6131193087607185,17.815406104752526,0,0,1,294,7,211,97,41
20261006_193447,2026-10-06T19:34:47.299527+00:00,34332,Purr,PURR,purr,269,201_300,0.14892047511290546,-0.77629733,-6.94639008,6.12979882,21.90868206,128.70867309,66.72563189,2557419.96628906,6.8298,88658725.48286465,0.0,2.8845665808531624,34.66725318935894,0,0,1,288,13,248,96,62
20261006_193447,2026-10-06T19:34:47.299527+00:00,19269,CoW Protocol,COW,cow-protocol,270,201_300,0.15297182296151685,-0.32915486,-2.88413239,-4.99402009,15.87470466,43.92061972,12.35210934,3462083.80109541,8.1639,87985425.66871408,0.003,3.934837815220641,25.41400807250111,0,0,1,237,64,238,82,56
20261006_193447,2026-10-06T19:34:47.299527+00:00,37005,Circle tokenized stock (xStock),CRCLX,circle-tokenized-stock-xstock,271,201_300,84.22094246444381,-0.23767803,0.51060077,0.79254381,-19.48791183,25.27314798,31.22255038,24726619.33198852,-7.5334,87671064.48848927,0.0,28.20385434607674,3.5456146799279713,0,0,1,70,231,111,22,11
20261006_193447,2026-10-06T19:34:47.299527+00:00,38151,YZY MONEY,YZY,yzy,272,201_300,0.2891186343704304,-0.01225404,0.26076794,-1.65620931,-1.66043,-1.27693278,-1.71128685,1228.48321996,-49.8295,87595878.37383491,0.003,0.0014024440907107233,71304.09023957777,0,0,1,84,217,298,31,98
20261006_193447,2026-10-06T19:34:47.299527+00:00,39377,Seeker,SKR,solana-mobile-seeker,273,201_300,0.01734834903104452,0.17149529,-3.86657696,-5.1748859,-14.09148696,137.01734986,84.40070309,3221340.35630313,-38.5513,87513057.03340442,0.003,3.6809825476368845,27.166659636622825,0,0,1,256,45,242,87,58
20261006_193447,2026-10-06T19:34:47.299527+00:00,29169,Qubic,QUBIC,qubic,274,201_300,6.07005966983217e-07,-1.50475265,0.13366677,26.7790155,45.68147572,34.74513358,32.3301253,1886765.16269303,-19.6662,87001320.03325807,0.0,2.1686626846256756,46.11136656195134,0,0,1,90,211,261,33,70
20261006_193447,2026-10-06T19:34:47.299527+00:00,2586,Synthetix,SNX,synthetix,275,201_300,0.2526383381035103,-0.70087043,0.38724173,-1.93285253,11.49912869,20.18573447,17.05443884,11488554.15816148,24.8765,87038008.92296861,0.003,13.199468025893394,7.576062899188818,0,0,1,76,225,159,27,26
20261006_193447,2026-10-06T19:34:47.299527+00:00,21707,RedStone,RED,redstone,276,201_300,0.16233974866211134,-0.36573728,-4.87489859,0.16240336,26.9942663,84.90874867,61.37249203,3289368.64167682,-25.0618,86865054.50371529,0.003,3.7867571262919437,26.40781984819863,0,0,1,274,27,240,89,57
20261006_193447,2026-10-06T19:34:47.299527+00:00,1757,FUNToken,FUN,funtoken,277,201_300,0.008012528078596528,-0.58031173,0.22887358,10.44820531,31.36387323,99.47363875,142.57852514,946576.88207192,-60.4242,86584994.21089055,0.003,1.0932343308430468,91.4716974931487,0,0,1,86,215,275,32,79
20261006_193447,2026-10-06T19:34:47.299527+00:00,36769,Bulla,BULLA,bulla-mascot,278,201_300,0.08662123386381185,-0.21495232,-1.08699059,7.05552178,18.24056531,479.1543045,1422.93235284,2115196.12580894,45.3175,86621233.86381185,0.0,2.4418910138529153,40.951868626690235,0,0,1,177,124,255,68,66
20261006_193447,2026-10-06T19:34:47.299527+00:00,9260,ZIG Finance,ZIG,zigcoin,279,201_300,0.06075497726613049,-0.67482074,6.95631958,16.27150414,18.6890706,52.1429183,34.29306516,4581903.44967392,123.4168,85600165.98410885,0.0,5.352680566676147,18.682228232068216,0,0,1,12,289,218,5,47
20261006_193447,2026-10-06T19:34:47.299527+00:00,4195,FTX Token,FTT,ftx-token,280,201_300,0.2583883224309216,-0.31519861,-0.01535321,3.33441422,17.23223376,31.94314199,19.67819043,1094779.8220546,-15.6132,84982654.13003837,0.0029,1.288239150991207,77.62533837219372,0,0,1,121,180,269,49,76
20261006_193447,2026-10-06T19:34:47.299527+00:00,6748,Centrifuge,CFG,centrifuge,281,201_300,0.14741263140533825,-0.92236829,-4.40390094,-4.86505464,40.35012494,-8.38921051,-21.4974809,10625871.90578149,-26.5974,85079163.50984575,0.0029,12.489393956666976,8.00679363201758,0,0,1,262,39,165,88,30
20261006_193447,2026-10-06T19:34:47.299527+00:00,40217,SpaceX Tokenized bStocks,SPCXB,spacex-tokenized-bstocks,282,201_300,173.0676945701403,0.51483337,1.98947958,16.33669653,14.73144973,32.0221472,18.52587431,75989756.06244124,11.3963,84944453.43328863,0.0,89.45817294841977,1.1178408490150864,0,0,1,38,263,64,14,3
20261006_193447,2026-10-06T19:34:47.299527+00:00,40558,AIVIVE,AVV,aivive,283,201_300,0.008385309314344605,-0.15604199,-0.79707873,-2.46066484,-8.08390429,-9.10321854,-23.03060779,95536.39908,4.8418,83853093.13691269,0.0,0.11393306496638256,877.7083283900623,0,0,1,166,135,293,64,93
20261006_193447,2026-10-06T19:34:47.299527+00:00,34958,Tagger,TAG,tagger,284,201_300,0.0007602414055688582,-1.31783916,-1.21480216,-6.74404198,7.75555725,-37.80147667,40.47055575,2519781.72968704,-7.0276,82413644.63895388,0.0028,3.0574812468565824,32.706660131705036,0,0,1,183,118,249,70,63
20261006_193447,2026-10-06T19:34:47.299527+00:00,3701,Rootstock Infrastructure Framework,RIF,rsk-infrastructure-framework,285,201_300,0.08225130522816404,-0.51890881,-0.53622381,0.70092776,11.03578169,21.89620632,-39.04055021,7325544.81085936,0.8423,82251305.22816405,0.0028,8.906296125682617,11.228012025294696,0,0,1,151,150,187,59,33
20261006_193447,2026-10-06T19:34:47.299527+00:00,4691,Zano,ZANO,zano,286,201_300,5.305000079240362,0.0708127,-1.16886887,-9.80325738,-21.36548823,-38.58839148,-38.74314313,1097556.70968897,133.1759,81936197.73227443,0.0,1.3395260459549558,74.6532703130154,0,0,1,180,121,268,69,75
20261006_193447,2026-10-06T19:34:47.299527+00:00,21259,ZetaChain,ZETA,zetachain,287,201_300,0.04940102582327095,-0.35757979,-3.13297882,-4.45118326,36.85929538,68.30436762,46.44012318,4865408.7603157,-24.6305,81794204.72482389,0.0028,5.948353892166504,16.811373669561227,0,0,1,242,59,213,84,43
20261006_193447,2026-10-06T19:34:47.299527+00:00,24647,Berachain,BERA,berachain,288,201_300,0.23443411943931372,-0.40296878,-0.85242186,0.28799804,23.5115118,50.71349004,19.40350531,15603828.74439591,1.6002,81895157.52796672,0.0028,19.0534205139874,5.248401457711412,0,0,1,170,131,140,65,22
20261006_193447,2026-10-06T19:34:47.299527+00:00,38273,U.S. Dollar Tokenized Currency (Ondo),USDon,us-dollar-tokenized-currency-ondo,289,201_300,0.9998701841194689,0.00555553,0.00732635,0.00760406,-0.00357013,0.03257093,0.06219374,11668634.35555663,-4.2961,81612373.8629688,0.0,14.29762890508349,6.994166701616185,0,0,1,109,192,157,42,25
20261006_193447,2026-10-06T19:34:47.299527+00:00,36195,Alaya Governance Token,AGT,alaya-ai,290,201_300,0.024933781017589026,-0.26817166,0.8225264,41.58882988,57.24888699,67.9831921,131.85724835,4788195.89888909,-0.9689,81281939.62870331,0.0,5.890848472319455,16.975483322969627,0,0,1,61,240,214,19,44
20261006_193447,2026-10-06T19:34:47.299527+00:00,40643,"SpaceX 
Pre-IPO stock (Republic)",preSPCX,spacex-pre-ipo-stock-republic,291,201_300,170.97748516681304,-0.48544364,1.3160941,15.49670117,15.94160749,32.17362032,17.56875639,74625.27031834,-29.9665,81171561.0829445,0.0,0.0919352410163515,1087.722171546971,0,0,1,50,251,294,15,94
20261006_193447,2026-10-06T19:34:47.299527+00:00,35763,KAITO,KAITO,kaito,292,201_300,0.33374023255957397,-0.5988857,-3.0684142,-1.97932508,6.24218563,-60.24767716,-48.7659639,11396969.63295568,-13.8751,80561183.95215718,0.0028,14.146973857439818,7.0686495223436445,0,0,1,241,60,160,83,27
20261006_193447,2026-10-06T19:34:47.299527+00:00,2682,Holo,HOT,holo,293,201_300,0.0004529113481105409,-0.19052252,-1.66949004,3.14736634,18.65155108,33.89515434,39.76051289,2061051.79964703,-20.114,80396774.10478179,0.0028,2.5636001227621943,39.007643630572666,0,0,1,199,102,256,74,67
20261006_193447,2026-10-06T19:34:47.299527+00:00,38942,USDsui,USDsui,usdsui,294,201_300,0.9993175149800577,-0.08526528,-0.01438754,-0.13256774,-0.08934063,0.00099259,0.06230244,2909754.85594617,-27.1313,79796246.26393475,0.0,3.646480871195169,27.423700694534027,0,0,1,120,181,243,48,59
20261006_193447,2026-10-06T19:34:47.299527+00:00,34812,Bio Protocol,BIO,bio,295,201_300,0.0317410790614512,-0.48998918,-2.46822284,2.04029606,15.0788116,25.53493415,15.53483283,19833462.65737462,43.9941,79310114.40123385,0.0027,25.007482093691273,3.9988032231852464,0,0,1,220,81,122,78,17
20261006_193447,2026-10-06T19:34:47.299527+00:00,41861,牛来 (Niu Lai),牛来,niu-lai,296,201_300,0.07910352614826335,-1.07682857,2.84847382,-25.52734213,-11.69859098,8391.46521974,8391.46521974,22181826.46915738,14.3768,79103526.14826335,0.0,28.041514138803485,3.566141239913336,0,0,1,29,272,115,9,13
20261006_193447,2026-10-06T19:34:47.299527+00:00,38947,Solstice eUSX,EUSX,solstice-eusx,297,201_300,1.04055589381244,-0.03514225,0.0265226,-1.38813816,-0.94727291,-0.69818205,-0.37635977,6514385.58907435,-27.4105,78833075.37485722,0.0,8.263518273387097,12.1013830540017,0,0,1,102,199,198,40,37
20261006_193447,2026-10-06T19:34:47.299527+00:00,40092,o1.exchange,O,o1-exchange,298,201_300,0.4922698220646913,-0.97980937,-2.40691852,-12.48953525,-7.78532097,2.94860445,-11.71854005,240682287.77465862,10377.572,78763171.53035061,0.0027,305.5771918502724,0.3272495548326077,0,0,1,218,83,26,77,2
20261006_193447,2026-10-06T19:34:47.299527+00:00,20964,Law Blocks (AI),LBT,law-blocks,299,201_300,0.32000980130969836,0.14591589,-0.04360479,-0.01404041,-0.67190351,8.16990201,8.12347517,686720.97066,-2.6661,78401757.46115586,0.0,0.8758999707375639,114.16828786487297,0,0,1,127,174,277,53,80
20261006_193447,2026-10-06T19:34:47.299527+00:00,3822,Theta Fuel,TFUEL,theta-fuel,300,201_300,0.010417717536896003,-0.03797796,-1.39000864,-0.934709,9.23407313,41.15186158,36.48542573,1766921.60287403,152.6457,78023039.09237732,0.0027,2.264615200110366,44.1576122933055,0,0,1,191,110,262,71,71
